Company,Model,Fuel,City,Age of Vehicle,Mileage,Mileage (km/l),Air cleaner filter,Engine oil,Engine oil filter,Sump Plug Gasket,AC Dust Filter,Climate control air filter,Fuel filter,Engine coolant,Spark plug,Brake oil,Brake pad,Windshield wiper,Clutch,Battery,Pollen Filter,"Transmission 
fluid","Drain 
Washer",Total Labour charges,Total parts charges,Total cost
Hyundai,All New Santro,1.1 Petrol,Mumbai,2,1500,25,0,990,89,0,0,0,0,0,0,0,0,0,0,0,0,0,0,0,1079,1079
Hyundai,All New Santro,1.1 Petrol,Mumbai,24,20000,25,0,990,89,0,0,199,0,0,0,0,0,0,0,0,0,0,0,0,1278,1278
Hyundai,All New Santro,1.1 Petrol,Mumbai,12,10000,25,0,990,89,0,0,0,0,0,0,0,0,0,0,0,0,0,0,0,1079,1079
Hyundai,All New Santro,1.1 Petrol,Mumbai,36,30000,25,165,990,89,0,0,0,0,0,0,0,0,348,0,0,0,0,0,2384,1592,3976
Hyundai,All New Santro,1.1 Petrol,Mumbai,60,50000,25,0,990,89,0,0,0,0,0,304,0,1999,0,0,3499,0,0,0,2384,6881,9265
Hyundai,All New Santro,1.1 Petrol,Mumbai,48,40000,25,0,990,89,0,0,199,0,0,0,0,0,0,2685,0,0,0,0,2384,3963,6347
Hyundai,All New Santro,1.1 Petrol,Mumbai,120,100000,25,0,990,89,0,0,199,0,0,304,0,0,348,0,0,0,0,0,2384,1930,4314
Hyundai,All New Santro,1.1 Petrol,Mumbai,96,80000,25,0,990,89,0,0,199,0,0,0,0,0,0,0,0,0,0,0,2384,1278,3662
Hyundai,All New Santro,1.1 Petrol,Mumbai,84,70000,25,0,990,89,0,0,0,0,0,0,0,1999,0,0,3499,0,0,0,2384,6577,8961
Hyundai,All New Santro,1.1 Petrol,Mumbai,108,90000,25,165,990,89,0,0,0,0,0,0,0,0,348,0,0,0,0,0,2384,1592,3976
Hyundai,All New Santro,1.1 Petrol,Mumbai,72,60000,25,165,990,89,0,0,199,397,0,0,0,0,0,2685,0,0,0,0,2384,4525,6909
Hyundai,All New Santro,1.1 Petrol,Delhi,2,1500,25,0,990,89,0,0,0,0,0,0,0,0,0,0,0,0,0,0,0,1079,1079
Hyundai,All New Santro,1.1 Petrol,Delhi,12,10000,25,0,990,89,0,0,0,0,0,0,0,0,0,0,0,0,0,0,0,1079,1079
Hyundai,All New Santro,1.1 Petrol,Delhi,24,20000,25,0,990,89,0,0,199,0,0,0,0,0,0,0,0,0,0,0,0,1278,1278
Hyundai,All New Santro,1.1 Petrol,Delhi,36,30000,25,165,990,89,0,0,0,0,0,0,0,0,0,0,0,0,0,0,2384,1244,3628
Hyundai,All New Santro,1.1 Petrol,Delhi,48,40000,25,0,990,89,0,0,199,0,0,0,0,0,348,2685,3499,0,0,0,2384,7810,10194
Hyundai,All New Santro,1.1 Petrol,Delhi,60,50000,25,0,990,89,0,0,0,0,0,304,0,0,0,0,0,0,0,0,2384,1383,3767
Hyundai,All New Santro,1.1 Petrol,Delhi,72,60000,25,165,990,89,0,0,199,397,0,0,0,0,0,0,0,0,0,0,2384,1840,4224
Hyundai,All New Santro,1.1 Petrol,Delhi,84,70000,25,0,990,89,0,0,0,0,0,0,0,0,0,0,0,0,0,0,2384,1079,3463
Hyundai,All New Santro,1.1 Petrol,Delhi,96,80000,25,0,990,89,0,0,199,0,0,0,0,0,348,2685,3499,0,0,0,2384,7810,10194
Hyundai,All New Santro,1.1 Petrol,Delhi,108,90000,25,165,990,89,0,0,0,0,0,0,0,0,0,0,0,0,0,0,2384,1244,3628
Hyundai,All New Santro,1.1 Petrol,Delhi,120,100000,25,0,990,89,0,0,199,0,0,304,0,0,0,0,0,0,0,0,2384,1582,3966
Hyundai,All New Santro,1.1 Petrol,Srinagar,2,1500,25,0,990,89,0,0,0,0,0,0,0,0,0,0,0,0,0,0,0,1079,1079
Hyundai,All New Santro,1.1 Petrol,Srinagar,12,10000,25,0,990,89,0,0,0,0,0,0,0,0,0,0,0,0,0,0,0,1079,1079
Hyundai,All New Santro,1.1 Petrol,Srinagar,24,20000,25,0,990,89,0,0,199,0,0,0,0,0,348,0,0,0,0,0,0,1626,1626
Hyundai,All New Santro,1.1 Petrol,Srinagar,36,30000,25,165,990,89,0,0,0,0,0,0,0,0,0,2685,0,0,0,0,1853,3929,5782
Hyundai,All New Santro,1.1 Petrol,Srinagar,48,40000,25,0,990,89,0,0,199,0,0,0,0,0,348,0,0,0,0,0,1853,1626,3479
Hyundai,All New Santro,1.1 Petrol,Srinagar,60,50000,25,0,990,89,0,0,0,0,0,304,0,0,0,0,3499,0,0,0,1853,4882,6735
Hyundai,All New Santro,1.1 Petrol,Srinagar,72,60000,25,165,990,89,0,0,199,397,0,0,0,0,348,2685,0,0,0,0,1853,4873,6726
Hyundai,All New Santro,1.1 Petrol,Srinagar,84,70000,25,0,990,89,0,0,0,0,0,0,0,0,0,0,0,0,0,0,1853,1079,2932
Hyundai,All New Santro,1.1 Petrol,Srinagar,96,80000,25,0,990,89,0,0,199,0,0,0,0,0,348,0,0,0,0,0,1853,1626,3479
Hyundai,All New Santro,1.1 Petrol,Srinagar,108,90000,25,165,990,89,0,0,0,0,0,0,0,0,0,2685,0,0,0,0,1853,3929,5782
Hyundai,All New Santro,1.1 Petrol,Srinagar,120,100000,25,0,990,89,0,0,199,0,0,304,0,0,348,0,3499,0,0,0,1853,5429,7282
Hyundai,All New Santro,1.1 Petrol,Vishakhapattnam,2,1500,25,0,990,89,0,0,0,0,0,0,0,0,0,0,0,0,0,0,0,1079,1079
Hyundai,All New Santro,1.1 Petrol,Vishakhapattnam,12,10000,25,0,990,89,0,0,0,0,0,0,0,0,0,0,0,0,0,0,0,1079,1079
Hyundai,All New Santro,1.1 Petrol,Vishakhapattnam,24,20000,25,0,990,89,0,0,199,0,0,0,0,0,0,0,0,0,0,0,0,1278,1278
Hyundai,All New Santro,1.1 Petrol,Vishakhapattnam,36,30000,25,165,990,89,0,0,0,0,0,0,0,0,348,0,0,0,0,0,1853,1592,3445
Hyundai,All New Santro,1.1 Petrol,Vishakhapattnam,48,40000,25,0,990,89,0,0,199,0,0,0,0,0,0,0,0,0,0,0,1853,1278,3131
Hyundai,All New Santro,1.1 Petrol,Vishakhapattnam,60,50000,25,0,990,89,0,0,0,0,0,304,0,0,0,2685,3499,0,0,0,1853,7567,9420
Hyundai,All New Santro,1.1 Petrol,Vishakhapattnam,72,60000,25,165,990,89,0,0,199,397,0,0,0,0,348,0,0,0,0,0,1853,2188,4041
Hyundai,All New Santro,1.1 Petrol,Vishakhapattnam,84,70000,25,0,990,89,0,0,0,0,0,0,0,0,0,0,0,0,0,0,1853,1079,2932
Hyundai,All New Santro,1.1 Petrol,Vishakhapattnam,96,80000,25,0,990,89,0,0,199,0,0,0,0,0,0,0,0,0,0,0,1853,1278,3131
Hyundai,All New Santro,1.1 Petrol,Vishakhapattnam,108,90000,25,165,990,89,0,0,0,0,0,0,0,0,348,0,0,0,0,0,1853,1592,3445
Hyundai,All New Santro,1.1 Petrol,Vishakhapattnam,120,100000,25,0,990,89,0,0,199,0,0,304,0,0,0,2685,3499,0,0,0,1853,7766,9619
Hyundai,Creta, Diesel,Mumbai,2,1500,22,0,1749,425,0,0,0,0,0,0,0,0,0,0,0,0,0,0,0,2174,2174
Hyundai,Creta, Diesel,Mumbai,12,10000,22,0,1749,425,0,0,0,0,0,0,0,0,0,0,0,0,0,0,0,2174,2174
Hyundai,Creta, Diesel,Mumbai,24,20000,22,320,1749,425,0,0,506,1898,0,0,0,0,0,0,0,0,0,0,0,4898,4898
Hyundai,Creta, Diesel,Mumbai,36,30000,22,0,1749,425,0,0,0,0,0,0,0,0,348,0,0,0,0,0,2856,2522,5378
Hyundai,Creta, Diesel,Mumbai,48,40000,22,320,1749,425,0,0,506,1898,0,0,0,3775,0,0,5799,0,0,0,2856,14472,17328
Hyundai,Creta, Diesel,Mumbai,60,50000,22,0,1749,425,0,0,0,0,0,0,0,0,0,6468,0,0,0,0,2856,8642,11498
Hyundai,Creta, Diesel,Mumbai,72,60000,22,320,1749,425,0,0,506,1898,0,0,0,0,348,0,0,0,0,0,2856,5246,8102
Hyundai,Creta, Diesel,Mumbai,84,70000,22,0,1749,425,0,0,0,0,0,0,0,0,0,0,0,0,0,0,2856,2174,5030
Hyundai,Creta, Diesel,Mumbai,96,80000,22,320,1749,425,0,0,506,1898,0,0,0,3775,0,0,5799,0,0,0,2856,14472,17328
Hyundai,Creta, Diesel,Mumbai,108,90000,22,0,1749,425,0,0,0,0,0,0,0,0,348,0,0,0,0,0,2856,2522,5378
Hyundai,Creta, Diesel,Mumbai,120,100000,22,320,1749,425,0,0,506,1898,0,0,0,0,0,6468,0,0,0,0,2856,11366,14222
Hyundai,Creta, Diesel,Delhi,2,1500,22,0,1749,425,0,0,0,0,0,0,0,0,0,0,0,0,0,0,0,2174,2174
Hyundai,Creta, Diesel,Delhi,12,10000,22,0,1749,425,0,0,0,0,0,0,0,0,0,0,0,0,0,0,0,2174,2174
Hyundai,Creta, Diesel,Delhi,24,20000,22,320,1749,425,0,0,506,1898,0,0,0,0,0,0,0,0,0,0,0,4898,4898
Hyundai,Creta, Diesel,Delhi,36,30000,22,0,1749,425,0,0,0,0,0,0,0,3775,0,0,0,0,0,0,2856,5949,8805
Hyundai,Creta, Diesel,Delhi,48,40000,22,320,1749,425,0,0,506,1898,0,0,0,0,348,6468,5799,0,0,0,2856,17513,20369
Hyundai,Creta, Diesel,Delhi,60,50000,22,0,1749,425,0,0,0,0,0,0,0,0,0,0,0,0,0,0,2856,2174,5030
Hyundai,Creta, Diesel,Delhi,72,60000,22,320,1749,425,0,0,506,1898,0,0,0,3775,0,0,0,0,0,0,2856,8673,11529
Hyundai,Creta, Diesel,Delhi,84,70000,22,0,1749,425,0,0,0,0,0,0,0,0,0,0,0,0,0,0,2856,2174,5030
Hyundai,Creta, Diesel,Delhi,96,80000,22,320,1749,425,0,0,506,1898,0,0,0,0,348,6468,5799,0,0,0,2856,17513,20369
Hyundai,Creta, Diesel,Delhi,108,90000,22,0,1749,425,0,0,0,0,0,0,0,3775,0,0,0,0,0,0,2856,5949,8805
Hyundai,Creta, Diesel,Delhi,120,100000,22,320,1749,425,0,0,506,1898,0,0,0,0,0,0,0,0,0,0,2856,4898,7754
Hyundai,Creta, Diesel,Srinagar,2,1500,22,0,1749,425,0,0,0,0,0,0,0,0,0,0,0,0,0,0,0,2174,2174
Hyundai,Creta, Diesel,Srinagar,12,10000,22,0,1749,425,0,0,0,0,0,0,0,0,0,0,0,0,0,0,0,2174,2174
Hyundai,Creta, Diesel,Srinagar,24,20000,22,320,1749,425,0,0,506,1898,0,0,0,0,348,0,0,0,0,0,0,5246,5246
Hyundai,Creta, Diesel,Srinagar,36,30000,22,0,1749,425,0,0,0,0,0,0,0,3775,0,6468,0,0,0,0,2248,12417,14665
Hyundai,Creta, Diesel,Srinagar,48,40000,22,320,1749,425,0,0,506,1898,0,0,0,0,348,0,0,0,0,0,2248,5246,7494
Hyundai,Creta, Diesel,Srinagar,60,50000,22,0,1749,425,0,0,0,0,0,0,0,0,0,0,5799,0,0,0,2248,7973,10221
Hyundai,Creta, Diesel,Srinagar,72,60000,22,320,1749,425,0,0,506,1898,0,0,0,3775,348,6468,0,0,0,0,2248,15489,17737
Hyundai,Creta, Diesel,Srinagar,84,70000,22,0,1749,425,0,0,0,0,0,0,0,0,0,0,0,0,0,0,2248,2174,4422
Hyundai,Creta, Diesel,Srinagar,96,80000,22,320,1749,425,0,0,506,1898,0,0,0,0,383,0,0,0,0,0,2248,5281,7529
Hyundai,Creta, Diesel,Srinagar,108,90000,22,0,1749,425,0,0,0,0,0,0,0,3775,0,6468,0,0,0,0,2248,12417,14665
Hyundai,Creta, Diesel,Srinagar,120,100000,22,320,1749,425,0,0,506,1898,0,0,0,0,348,0,5799,0,0,0,2248,11045,13293
Hyundai,Creta, Diesel,Vishakhapattnam,2,1500,22,0,1749,425,0,0,0,0,0,0,0,0,0,0,0,0,0,0,0,2174,2174
Hyundai,Creta, Diesel,Vishakhapattnam,12,10000,22,0,1749,425,0,0,0,0,0,0,0,0,0,0,0,0,0,0,0,2174,2174
Hyundai,Creta, Diesel,Vishakhapattnam,24,20000,22,320,1749,425,0,0,506,1898,0,0,0,0,0,0,0,0,0,0,0,4898,4898
Hyundai,Creta, Diesel,Vishakhapattnam,36,30000,22,0,1749,425,0,0,0,0,0,0,0,0,348,0,0,0,0,0,2248,2522,4770
Hyundai,Creta, Diesel,Vishakhapattnam,48,40000,22,320,1749,425,0,0,506,1898,0,0,0,0,0,0,0,0,0,0,2248,4898,7146
Hyundai,Creta, Diesel,Vishakhapattnam,60,50000,22,0,1749,425,0,0,0,0,0,0,0,3775,0,6468,5799,0,0,0,2248,18216,20464
Hyundai,Creta, Diesel,Vishakhapattnam,72,60000,22,320,1749,425,0,0,506,1898,0,0,0,0,383,0,0,0,0,0,2248,5281,7529
Hyundai,Creta, Diesel,Vishakhapattnam,84,70000,22,0,1749,425,0,0,0,0,0,0,0,0,0,0,0,0,0,0,2248,2174,4422
Hyundai,Creta, Diesel,Vishakhapattnam,96,80000,22,320,1749,425,0,0,506,1898,0,0,0,0,0,0,0,0,0,0,2248,4898,7146
Hyundai,Creta, Diesel,Vishakhapattnam,108,90000,22,0,1749,425,0,0,0,0,0,0,0,0,348,0,0,0,0,0,2248,2522,4770
Hyundai,Creta, Diesel,Vishakhapattnam,120,100000,22,320,1749,425,0,0,506,1898,0,0,0,3775,0,6468,5799,0,0,0,2248,20940,23188
Hyundai,Creta,Petrol,Mumbai,2,1500,16,0,1188,203,0,0,0,0,0,0,0,0,0,0,0,0,0,0,0,1391,1391
Hyundai,Creta,Petrol,Mumbai,12,10000,16,0,1188,203,0,0,0,0,0,0,0,0,0,0,0,0,0,0,0,1391,1391
Hyundai,Creta,Petrol,Mumbai,24,20000,16,0,1188,203,0,0,506,0,0,0,0,0,0,0,0,0,0,0,0,1897,1897
Hyundai,Creta,Petrol,Mumbai,36,30000,16,298,1188,203,0,0,0,0,0,0,0,0,348,0,0,0,0,0,2856,2037,4893
Hyundai,Creta,Petrol,Mumbai,48,40000,16,0,1188,203,0,0,506,0,0,0,0,3775,0,0,5199,0,0,0,2856,10871,13727
Hyundai,Creta,Petrol,Mumbai,60,50000,16,0,1188,203,0,0,0,0,0,0,0,0,0,6468,0,0,0,0,2856,7859,10715
Hyundai,Creta,Petrol,Mumbai,72,60000,16,298,1188,203,0,0,506,860,0,1128,0,0,348,0,0,0,0,0,2856,4531,7387
Hyundai,Creta,Petrol,Mumbai,84,70000,16,0,1188,203,0,0,0,0,0,0,0,0,0,0,0,0,0,0,2856,1391,4247
Hyundai,Creta,Petrol,Mumbai,96,80000,16,0,1188,203,0,0,506,0,0,0,0,3775,0,0,5199,0,0,0,2856,10871,13727
Hyundai,Creta,Petrol,Mumbai,108,90000,16,298,1188,203,0,0,0,0,0,0,0,0,348,0,0,0,0,0,2856,2037,4893
Hyundai,Creta,Petrol,Mumbai,120,100000,16,0,1188,203,0,0,506,0,0,0,0,0,0,6468,0,0,0,0,2856,8365,11221
Hyundai,Creta,Petrol,Delhi,2,1500,16,0,1188,203,0,0,0,0,0,0,0,0,0,0,0,0,0,0,0,1391,1391
Hyundai,Creta,Petrol,Delhi,12,10000,16,0,1188,203,0,0,0,0,0,0,0,0,0,0,0,0,0,0,0,1391,1391
Hyundai,Creta,Petrol,Delhi,24,20000,16,0,1188,203,0,0,506,0,0,0,0,0,0,0,0,0,0,0,0,1897,1897
Hyundai,Creta,Petrol,Delhi,36,30000,16,298,1188,203,0,0,0,0,0,0,0,3775,0,0,0,0,0,0,2856,5464,8320
Hyundai,Creta,Petrol,Delhi,48,40000,16,0,1188,203,0,0,506,0,0,0,0,0,348,6468,5199,0,0,0,2856,13912,16768
Hyundai,Creta,Petrol,Delhi,60,50000,16,0,1188,203,0,0,0,0,0,0,0,0,0,0,0,0,0,0,2856,1391,4247
Hyundai,Creta,Petrol,Delhi,72,60000,16,298,1188,203,0,0,506,860,0,1128,0,3775,0,0,0,0,0,0,2856,7958,10814
Hyundai,Creta,Petrol,Delhi,84,70000,16,0,1188,203,0,0,0,0,0,0,0,0,0,0,0,0,0,0,2856,1391,4247
Hyundai,Creta,Petrol,Delhi,96,80000,16,0,1188,203,0,0,506,0,0,0,0,0,348,6468,5199,0,0,0,2856,13912,16768
Hyundai,Creta,Petrol,Delhi,108,90000,16,298,1188,203,0,0,0,0,0,0,0,3775,0,0,0,0,0,0,2856,5464,8320
Hyundai,Creta,Petrol,Delhi,120,100000,16,0,1188,203,0,0,506,0,0,0,0,0,0,0,0,0,0,0,2856,1897,4753
Hyundai,Creta,Petrol,Srinagar,2,1500,16,0,1188,203,0,0,0,0,0,0,0,0,0,0,0,0,0,0,0,1391,1391
Hyundai,Creta,Petrol,Srinagar,12,10000,16,0,1188,203,0,0,0,0,0,0,0,0,0,0,0,0,0,0,0,1391,1391
Hyundai,Creta,Petrol,Srinagar,24,20000,16,0,1188,203,0,0,506,0,0,0,0,0,348,0,0,0,0,0,0,2245,2245
Hyundai,Creta,Petrol,Srinagar,36,30000,16,298,1188,203,0,0,0,0,0,0,0,3775,0,6468,0,0,0,0,2248,11932,14180
Hyundai,Creta,Petrol,Srinagar,48,40000,16,0,1188,203,0,0,506,0,0,0,0,0,348,0,0,0,0,0,2248,2245,4493
Hyundai,Creta,Petrol,Srinagar,60,50000,16,0,1188,203,0,0,0,0,0,0,0,0,0,0,5199,0,0,0,2248,6590,8838
Hyundai,Creta,Petrol,Srinagar,72,60000,16,298,1188,203,0,0,506,860,0,1128,0,3775,348,6468,0,0,0,0,2248,14774,17022
Hyundai,Creta,Petrol,Srinagar,84,70000,16,0,1188,203,0,0,0,0,0,0,0,0,0,0,0,0,0,0,2248,1391,3639
Hyundai,Creta,Petrol,Srinagar,96,80000,16,0,1188,203,0,0,506,0,0,0,0,0,348,0,0,0,0,0,2248,2245,4493
Hyundai,Creta,Petrol,Srinagar,108,90000,16,298,1188,203,0,0,0,0,0,0,0,3775,0,6468,0,0,0,0,2248,11932,14180
Hyundai,Creta,Petrol,Srinagar,120,100000,16,0,1188,203,0,0,506,0,0,0,0,0,348,0,5199,0,0,0,2248,7444,9692
Hyundai,Creta,Petrol,Vishakhapattnam,2,1500,16,0,1188,203,0,0,0,0,0,0,0,0,0,0,0,0,0,0,0,1391,1391
Hyundai,Creta,Petrol,Vishakhapattnam,12,10000,16,0,1188,203,0,0,0,0,0,0,0,0,0,0,0,0,0,0,0,1391,1391
Hyundai,Creta,Petrol,Vishakhapattnam,24,20000,16,0,1188,203,0,0,506,0,0,0,0,0,0,0,0,0,0,0,0,1897,1897
Hyundai,Creta,Petrol,Vishakhapattnam,36,30000,16,298,1188,203,0,0,0,0,0,0,0,0,348,0,0,0,0,0,2248,2037,4285
Hyundai,Creta,Petrol,Vishakhapattnam,48,40000,16,0,1188,203,0,0,506,0,0,0,0,0,0,0,0,0,0,0,2248,1897,4145
Hyundai,Creta,Petrol,Vishakhapattnam,60,50000,16,0,1188,203,0,0,0,0,0,0,0,3775,0,6468,5199,0,0,0,2248,16833,19081
Hyundai,Creta,Petrol,Vishakhapattnam,72,60000,16,298,1188,203,0,0,506,860,0,1128,0,0,348,0,0,0,0,0,2248,4531,6779
Hyundai,Creta,Petrol,Vishakhapattnam,84,70000,16,0,1188,203,0,0,0,0,0,0,0,0,0,0,0,0,0,0,2248,1391,3639
Hyundai,Creta,Petrol,Vishakhapattnam,96,80000,16,0,1188,203,0,0,506,0,0,0,0,0,0,0,0,0,0,0,2248,1897,4145
Hyundai,Creta,Petrol,Vishakhapattnam,108,90000,16,298,1188,203,0,0,0,0,0,0,0,0,348,0,0,0,0,0,2248,2037,4285
Hyundai,Creta,Petrol,Vishakhapattnam,120,100000,16,0,1188,203,0,0,506,0,0,0,0,3775,0,6468,5199,0,0,0,2248,17339,19587
Hyundai,Grand i10,Petrol,Mumbai,2,1500,18,0,1102,89,0,0,0,0,0,0,0,0,0,0,0,0,0,0,0,1191,1191
Hyundai,Grand i10,Petrol,Mumbai,12,10000,18,0,1102,89,0,0,0,0,0,0,0,0,0,0,0,0,0,0,0,1191,1191
Hyundai,Grand i10,Petrol,Mumbai,24,20000,18,0,1102,89,0,0,394,0,0,0,0,0,0,0,0,0,0,0,0,1585,1585
Hyundai,Grand i10,Petrol,Mumbai,36,30000,18,184,1102,89,0,0,0,0,0,0,0,0,348,0,0,0,0,0,2419,1723,4142
Hyundai,Grand i10,Petrol,Mumbai,48,40000,18,0,1102,89,0,0,394,0,0,0,0,1582,0,0,3549,0,0,0,2419,6716,9135
Hyundai,Grand i10,Petrol,Mumbai,60,50000,18,0,1102,89,0,0,0,0,0,0,0,0,0,3111,0,0,0,0,2419,4302,6721
Hyundai,Grand i10,Petrol,Mumbai,72,60000,18,184,1102,89,0,0,394,397,0,0,0,0,348,0,0,0,0,0,2419,2514,4933
Hyundai,Grand i10,Petrol,Mumbai,84,70000,18,0,1102,89,0,0,0,0,0,0,0,0,0,0,0,0,0,0,2419,1191,3610
Hyundai,Grand i10,Petrol,Mumbai,96,80000,18,0,1102,89,0,0,394,0,0,0,0,1582,0,0,3549,0,0,0,2419,6716,9135
Hyundai,Grand i10,Petrol,Mumbai,108,90000,18,184,1102,89,0,0,0,0,0,0,0,0,348,0,0,0,0,0,2419,1723,4142
Hyundai,Grand i10,Petrol,Mumbai,120,100000,18,0,1102,89,0,0,394,0,0,0,0,0,0,3111,0,0,0,0,2419,4696,7115
Hyundai,Grand i10,Petrol,Delhi,2,1500,18,0,1102,89,0,0,0,0,0,0,0,0,0,0,0,0,0,0,0,1191,1191
Hyundai,Grand i10,Petrol,Delhi,12,10000,18,0,1102,89,0,0,0,0,0,0,0,0,0,0,0,0,0,0,0,1191,1191
Hyundai,Grand i10,Petrol,Delhi,24,20000,18,0,1102,89,0,0,394,0,0,0,0,0,0,0,0,0,0,0,0,1585,1585
Hyundai,Grand i10,Petrol,Delhi,36,30000,18,184,1102,89,0,0,0,0,0,0,0,1582,0,0,0,0,0,0,2419,2957,5376
Hyundai,Grand i10,Petrol,Delhi,48,40000,18,0,1102,89,0,0,394,0,0,0,0,0,348,3111,3549,0,0,0,2419,8593,11012
Hyundai,Grand i10,Petrol,Delhi,60,50000,18,0,1102,89,0,0,0,0,0,0,0,0,0,0,0,0,0,0,2419,1191,3610
Hyundai,Grand i10,Petrol,Delhi,72,60000,18,184,1102,89,0,0,394,397,0,0,0,1582,0,0,0,0,0,0,2419,3748,6167
Hyundai,Grand i10,Petrol,Delhi,84,70000,18,0,1102,89,0,0,0,0,0,0,0,0,0,0,0,0,0,0,2419,1191,3610
Hyundai,Grand i10,Petrol,Delhi,96,80000,18,0,1102,89,0,0,394,0,0,0,0,0,348,3111,3549,0,0,0,2419,8593,11012
Hyundai,Grand i10,Petrol,Delhi,108,90000,18,184,1102,89,0,0,0,0,0,0,0,1582,0,0,0,0,0,0,2419,2957,5376
Hyundai,Grand i10,Petrol,Delhi,120,100000,18,0,1102,89,0,0,394,0,0,0,0,0,0,0,0,0,0,0,2419,1585,4004
Hyundai,Grand i10,Petrol,Srinagar,2,1500,18,0,1102,89,0,0,0,0,0,0,0,0,0,0,0,0,0,0,0,1191,1191
Hyundai,Grand i10,Petrol,Srinagar,12,10000,18,0,1102,89,0,0,0,0,0,0,0,0,0,0,0,0,0,0,0,1191,1191
Hyundai,Grand i10,Petrol,Srinagar,24,20000,18,0,1102,89,0,0,394,0,0,0,0,0,348,0,0,0,0,0,0,1933,1933
Hyundai,Grand i10,Petrol,Srinagar,36,30000,18,184,1102,89,0,0,0,0,0,0,0,1582,0,3111,0,0,0,0,1876,6068,7944
Hyundai,Grand i10,Petrol,Srinagar,48,40000,18,0,1102,89,0,0,394,0,0,0,0,0,348,0,0,0,0,0,1876,1933,3809
Hyundai,Grand i10,Petrol,Srinagar,60,50000,18,0,1102,89,0,0,0,0,0,0,0,0,0,0,3549,0,0,0,1876,4740,6616
Hyundai,Grand i10,Petrol,Srinagar,72,60000,18,184,1102,89,0,0,394,397,0,0,0,1582,348,3111,0,0,0,0,1876,7207,9083
Hyundai,Grand i10,Petrol,Srinagar,84,70000,18,0,1102,89,0,0,0,0,0,0,0,0,0,0,0,0,0,0,1876,1191,3067
Hyundai,Grand i10,Petrol,Srinagar,96,80000,18,0,1102,89,0,0,394,0,0,0,0,0,348,0,0,0,0,0,1876,1933,3809
Hyundai,Grand i10,Petrol,Srinagar,108,90000,18,184,1102,89,0,0,0,0,0,0,0,1582,0,3111,0,0,0,0,1876,6068,7944
Hyundai,Grand i10,Petrol,Srinagar,120,100000,18,0,1102,89,0,0,394,0,0,0,0,0,348,0,3549,0,0,0,1876,5482,7358
Hyundai,Grand i10,Petrol,Vishakhapattnam,2,1500,18,0,1102,89,0,0,0,0,0,0,0,0,0,0,0,0,0,0,0,1191,1191
Hyundai,Grand i10,Petrol,Vishakhapattnam,12,10000,18,0,1102,89,0,0,0,0,0,0,0,0,0,0,0,0,0,0,0,1191,1191
Hyundai,Grand i10,Petrol,Vishakhapattnam,24,20000,18,0,1102,89,0,0,394,0,0,0,0,0,0,0,0,0,0,0,0,1585,1585
Hyundai,Grand i10,Petrol,Vishakhapattnam,36,30000,18,184,1102,89,0,0,0,0,0,0,0,0,348,0,0,0,0,0,1876,1723,3599
Hyundai,Grand i10,Petrol,Vishakhapattnam,48,40000,18,0,1102,89,0,0,394,0,0,0,0,0,0,0,0,0,0,0,1876,1585,3461
Hyundai,Grand i10,Petrol,Vishakhapattnam,60,50000,18,0,1102,89,0,0,0,0,0,0,0,1582,0,3111,3549,0,0,0,1876,9433,11309
Hyundai,Grand i10,Petrol,Vishakhapattnam,72,60000,18,184,1102,89,0,0,394,397,0,0,0,0,348,0,0,0,0,0,1876,2514,4390
Hyundai,Grand i10,Petrol,Vishakhapattnam,84,70000,18,0,1102,89,0,0,0,0,0,0,0,0,0,0,0,0,0,0,1876,1191,3067
Hyundai,Grand i10,Petrol,Vishakhapattnam,96,80000,18,0,1102,89,0,0,394,0,0,0,0,0,0,0,0,0,0,0,1876,1585,3461
Hyundai,Grand i10,Petrol,Vishakhapattnam,108,90000,18,184,1102,89,0,0,0,0,0,0,0,0,348,0,0,0,0,0,1876,1723,3599
Hyundai,Grand i10,Petrol,Vishakhapattnam,120,100000,18,0,1102,89,0,0,394,0,0,0,0,1582,0,3111,3549,0,0,0,1876,9827,11703
Hyundai,Grand i10,Diesel,Mumbai,2,1500,23,0,1372,425,0,0,0,0,0,0,0,0,0,0,0,0,0,0,0,1797,1797
Hyundai,Grand i10,Diesel,Mumbai,12,10000,23,0,1372,425,0,0,0,0,0,0,0,0,0,0,0,0,0,0,0,1797,1797
Hyundai,Grand i10,Diesel,Mumbai,24,20000,23,184,1372,425,0,0,394,1152,0,0,0,0,0,0,0,0,0,0,0,3527,3527
Hyundai,Grand i10,Diesel,Mumbai,36,30000,23,0,1372,425,0,0,0,0,0,0,0,0,348,0,0,0,0,0,2419,2145,4564
Hyundai,Grand i10,Diesel,Mumbai,48,40000,23,184,1372,425,0,0,394,1152,0,0,0,1582,0,0,5199,0,0,0,2419,10308,12727
Hyundai,Grand i10,Diesel,Mumbai,60,50000,23,0,1372,425,0,0,0,0,0,0,0,0,0,3111,0,0,0,0,2419,4908,7327
Hyundai,Grand i10,Diesel,Mumbai,72,60000,23,184,1372,425,0,0,394,1152,0,0,0,0,348,0,0,0,0,0,2419,3875,6294
Hyundai,Grand i10,Diesel,Mumbai,84,70000,23,0,1372,425,0,0,0,0,0,0,0,0,0,0,0,0,0,0,2419,1797,4216
Hyundai,Grand i10,Diesel,Mumbai,96,80000,23,184,1372,425,0,0,394,1152,0,0,0,1582,0,0,5199,0,0,0,2419,10308,12727
Hyundai,Grand i10,Diesel,Mumbai,108,90000,23,0,1372,425,0,0,0,0,0,0,0,0,348,0,0,0,0,0,2419,2145,4564
Hyundai,Grand i10,Diesel,Mumbai,120,100000,23,184,1372,425,0,0,394,1152,0,0,0,0,0,3111,0,0,0,0,2419,6638,9057
Hyundai,Grand i10,Diesel,Delhi,2,1500,23,0,1372,425,0,0,0,0,0,0,0,0,0,0,0,0,0,0,0,1797,1797
Hyundai,Grand i10,Diesel,Delhi,12,10000,23,0,1372,425,0,0,0,0,0,0,0,0,0,0,0,0,0,0,0,1797,1797
Hyundai,Grand i10,Diesel,Delhi,24,20000,23,184,1372,425,0,0,394,1152,0,0,0,0,0,0,0,0,0,0,0,3527,3527
Hyundai,Grand i10,Diesel,Delhi,36,30000,23,0,1372,425,0,0,0,0,0,0,0,1582,0,0,0,0,0,0,2419,3379,5798
Hyundai,Grand i10,Diesel,Delhi,48,40000,23,184,1372,425,0,0,394,1152,0,0,0,0,348,3111,5199,0,0,0,2419,12185,14604
Hyundai,Grand i10,Diesel,Delhi,60,50000,23,0,1372,425,0,0,0,0,0,0,0,0,0,0,0,0,0,0,2419,1797,4216
Hyundai,Grand i10,Diesel,Delhi,72,60000,23,184,1372,425,0,0,394,1152,0,0,0,1582,0,0,0,0,0,0,2419,5109,7528
Hyundai,Grand i10,Diesel,Delhi,84,70000,23,0,1372,425,0,0,0,0,0,0,0,0,0,0,0,0,0,0,2419,1797,4216
Hyundai,Grand i10,Diesel,Delhi,96,80000,23,184,1372,425,0,0,394,1152,0,0,0,0,348,3111,5199,0,0,0,2419,12185,14604
Hyundai,Grand i10,Diesel,Delhi,108,90000,23,0,1372,425,0,0,0,0,0,0,0,1582,0,0,0,0,0,0,2419,3379,5798
Hyundai,Grand i10,Diesel,Delhi,120,100000,23,184,1372,425,0,0,394,1152,0,0,0,0,0,0,0,0,0,0,2419,3527,5946
Hyundai,Grand i10,Diesel,Srinagar,2,1500,23,0,1372,425,0,0,0,0,0,0,0,0,0,0,0,0,0,0,0,1797,1797
Hyundai,Grand i10,Diesel,Srinagar,12,10000,23,0,1372,425,0,0,0,0,0,0,0,0,0,0,0,0,0,0,0,1797,1797
Hyundai,Grand i10,Diesel,Srinagar,24,20000,23,184,1372,425,0,0,394,1152,0,0,0,0,348,0,0,0,0,0,0,3875,3875
Hyundai,Grand i10,Diesel,Srinagar,36,30000,23,0,1372,425,0,0,0,0,0,0,0,1582,0,3111,0,0,0,0,1876,6490,8366
Hyundai,Grand i10,Diesel,Srinagar,48,40000,23,184,1372,425,0,0,394,1152,0,0,0,0,348,0,0,0,0,0,1876,3875,5751
Hyundai,Grand i10,Diesel,Srinagar,60,50000,23,0,1372,425,0,0,0,0,0,0,0,0,0,0,5199,0,0,0,1876,6996,8872
Hyundai,Grand i10,Diesel,Srinagar,72,60000,23,184,1372,425,0,0,394,1152,0,0,0,1582,348,3111,0,0,0,0,1876,8568,10444
Hyundai,Grand i10,Diesel,Srinagar,84,70000,23,0,1372,425,0,0,0,0,0,0,0,0,0,0,0,0,0,0,1876,1797,3673
Hyundai,Grand i10,Diesel,Srinagar,96,80000,23,184,1372,425,0,0,394,1152,0,0,0,0,348,0,0,0,0,0,1876,3875,5751
Hyundai,Grand i10,Diesel,Srinagar,108,90000,23,0,1372,425,0,0,0,0,0,0,0,1582,0,3111,0,0,0,0,1876,6490,8366
Hyundai,Grand i10,Diesel,Srinagar,120,100000,23,184,1372,425,0,0,394,1152,0,0,0,0,348,0,5199,0,0,0,1876,9074,10950
Hyundai,Grand i10,Diesel,Vishakhapattnam,2,1500,23,0,1372,425,0,0,0,0,0,0,0,0,0,0,0,0,0,0,0,1797,1797
Hyundai,Grand i10,Diesel,Vishakhapattnam,12,10000,23,0,1372,425,0,0,0,0,0,0,0,0,0,0,0,0,0,0,0,1797,1797
Hyundai,Grand i10,Diesel,Vishakhapattnam,24,20000,23,184,1372,425,0,0,394,1152,0,0,0,0,0,0,0,0,0,0,0,3527,3527
Hyundai,Grand i10,Diesel,Vishakhapattnam,36,30000,23,0,1372,425,0,0,0,0,0,0,0,0,348,0,0,0,0,0,1876,2145,4021
Hyundai,Grand i10,Diesel,Vishakhapattnam,48,40000,23,184,1372,425,0,0,394,1152,0,0,0,0,0,0,0,0,0,0,1876,3527,5403
Hyundai,Grand i10,Diesel,Vishakhapattnam,60,50000,23,0,1372,425,0,0,0,0,0,0,0,1582,0,3111,5199,0,0,0,1876,11689,13565
Hyundai,Grand i10,Diesel,Vishakhapattnam,72,60000,23,184,1372,425,0,0,394,1152,0,0,0,0,348,0,0,0,0,0,1876,3875,5751
Hyundai,Grand i10,Diesel,Vishakhapattnam,84,70000,23,0,1372,425,0,0,0,0,0,0,0,0,0,0,0,0,0,0,1876,1797,3673
Hyundai,Grand i10,Diesel,Vishakhapattnam,96,80000,23,184,1372,425,0,0,394,1152,0,0,0,0,0,0,0,0,0,0,1876,3527,5403
Hyundai,Grand i10,Diesel,Vishakhapattnam,108,90000,23,0,1372,425,0,0,0,0,0,0,0,0,348,0,0,0,0,0,1876,2145,4021
Hyundai,Grand i10,Diesel,Vishakhapattnam,120,100000,23,184,1372,425,0,0,394,1152,0,0,0,15821,0,3111,5199,0,0,0,1876,27658,29534
Hyundai,i20,1.2L Petrol,Mumbai,2,1500,22.5,0,1102,89,0,0,0,0,0,0,0,0,0,0,0,0,0,0,0,1191,1191
Hyundai,i20,1.2L Petrol,Mumbai,12,10000,22.5,0,1102,89,0,0,0,0,0,0,0,0,0,0,0,0,0,0,0,1191,1191
Hyundai,i20,1.2L Petrol,Mumbai,24,20000,22.5,0,1102,89,0,0,266,0,0,0,0,0,0,0,0,0,0,0,0,1457,1457
Hyundai,i20,1.2L Petrol,Mumbai,36,30000,22.5,298,1102,89,0,0,0,0,0,0,0,0,348,0,0,0,0,0,2655,1837,4492
Hyundai,i20,1.2L Petrol,Mumbai,48,40000,22.5,0,1102,89,0,0,266,0,0,0,0,2500,0,0,3499,0,0,0,2655,7456,10111
Hyundai,i20,1.2L Petrol,Mumbai,60,50000,22.5,0,1102,89,0,0,0,0,0,0,0,0,0,2685,0,0,0,0,2655,3876,6531
Hyundai,i20,1.2L Petrol,Mumbai,72,60000,22.5,298,1102,89,0,0,266,496,0,0,0,0,348,0,0,0,0,0,2655,2599,5254
Hyundai,i20,1.2L Petrol,Mumbai,84,70000,22.5,0,1102,89,0,0,0,0,0,0,0,0,0,0,0,0,0,0,2655,1191,3846
Hyundai,i20,1.2L Petrol,Mumbai,96,80000,22.5,0,1102,89,0,0,266,0,0,0,0,2500,0,0,3499,0,0,0,2655,7456,10111
Hyundai,i20,1.2L Petrol,Mumbai,108,90000,22.5,298,1102,89,0,0,0,0,0,0,0,0,348,0,0,0,0,0,2655,1837,4492
Hyundai,i20,1.2L Petrol,Mumbai,120,100000,22.5,0,1102,89,0,0,266,0,0,0,0,0,0,2685,0,0,0,0,2655,4142,6797
Hyundai,i20,1.2L Petrol,Delhi,2,1500,22.5,0,0,0,0,0,0,0,0,0,0,0,0,0,0,0,0,0,0,0,0
Hyundai,i20,1.2L Petrol,Delhi,12,10000,22.5,0,1102,89,0,0,0,0,0,0,0,0,0,0,0,0,0,0,0,1191,1191
Hyundai,i20,1.2L Petrol,Delhi,24,20000,22.5,0,1102,89,0,0,266,0,0,0,0,0,0,0,0,0,0,0,0,1457,1457
Hyundai,i20,1.2L Petrol,Delhi,36,30000,22.5,298,1102,89,0,0,0,0,0,0,0,0,0,0,0,0,0,0,2655,1489,4144
Hyundai,i20,1.2L Petrol,Delhi,48,40000,22.5,0,1102,89,0,0,266,0,0,0,0,2500,348,2685,3499,0,0,0,2655,10489,13144
Hyundai,i20,1.2L Petrol,Delhi,60,50000,22.5,0,1102,89,0,0,0,0,0,0,0,0,0,0,0,0,0,0,2655,1191,3846
Hyundai,i20,1.2L Petrol,Delhi,72,60000,22.5,298,1102,89,0,0,266,496,0,0,0,0,0,0,0,0,0,0,2655,2251,4906
Hyundai,i20,1.2L Petrol,Delhi,84,70000,22.5,0,1102,89,0,0,0,0,0,0,0,0,0,0,0,0,0,0,2655,1191,3846
Hyundai,i20,1.2L Petrol,Delhi,96,80000,22.5,0,1102,89,0,0,266,0,0,0,0,2500,348,2685,3499,0,0,0,2655,10489,13144
Hyundai,i20,1.2L Petrol,Delhi,108,90000,22.5,298,1102,89,0,0,0,0,0,0,0,0,0,0,0,0,0,0,2655,1489,4144
Hyundai,i20,1.2L Petrol,Delhi,120,100000,22.5,0,1102,89,0,0,266,0,0,0,0,0,0,0,0,0,0,0,2655,1457,4112
Hyundai,i20,1.2L Petrol,Srinagar,2,1500,22.5,0,1102,89,0,0,0,0,0,0,0,0,0,0,0,0,0,0,0,1191,1191
Hyundai,i20,1.2L Petrol,Srinagar,12,10000,22.5,0,1102,89,0,0,266,0,0,0,0,2500,0,0,0,0,0,0,0,3957,3957
Hyundai,i20,1.2L Petrol,Srinagar,24,20000,22.5,0,1102,89,0,0,266,0,0,0,0,0,348,0,0,0,0,0,0,1805,1805
Hyundai,i20,1.2L Petrol,Srinagar,36,30000,22.5,298,1102,89,0,0,266,0,0,0,0,0,0,2685,0,0,0,0,2077,4440,6517
Hyundai,i20,1.2L Petrol,Srinagar,48,40000,22.5,0,1102,89,0,0,266,0,0,0,0,0,348,0,0,0,0,0,2077,1805,3882
Hyundai,i20,1.2L Petrol,Srinagar,60,50000,22.5,0,1102,89,0,0,266,496,0,0,0,0,0,0,3499,0,0,0,2077,5452,7529
Hyundai,i20,1.2L Petrol,Srinagar,72,60000,22.5,298,1102,89,0,0,266,0,0,0,0,0,348,2685,0,0,0,0,2077,4788,6865
Hyundai,i20,1.2L Petrol,Srinagar,84,70000,22.5,0,1102,89,0,0,266,0,0,0,0,2500,0,0,0,0,0,0,2077,3957,6034
Hyundai,i20,1.2L Petrol,Srinagar,96,80000,22.5,0,1102,89,0,0,266,0,0,0,0,0,348,0,0,0,0,0,2077,1805,3882
Hyundai,i20,1.2L Petrol,Srinagar,108,90000,22.5,298,1102,89,0,0,266,0,0,0,0,0,0,2685,0,0,0,0,2077,4440,6517
Hyundai,i20,1.2L Petrol,Srinagar,120,100000,22.5,0,1102,89,0,0,266,0,0,0,0,0,348,0,3499,0,0,0,2077,5304,7381
Hyundai,i20,1.2L Petrol,Vishakhapattnam,2,1500,22.5,0,0,0,0,0,0,0,0,0,0,0,0,0,0,0,0,0,0,0,0
Hyundai,i20,1.2L Petrol,Vishakhapattnam,12,10000,22.5,0,1022,89,0,0,266,0,0,0,0,2500,0,0,0,0,0,0,0,3877,3877
Hyundai,i20,1.2L Petrol,Vishakhapattnam,24,20000,22.5,0,1022,89,0,0,266,0,0,0,0,0,0,0,0,0,0,0,0,1377,1377
Hyundai,i20,1.2L Petrol,Vishakhapattnam,36,30000,22.5,298,1022,89,0,0,266,0,0,0,0,0,348,0,0,0,0,0,2077,2023,4100
Hyundai,i20,1.2L Petrol,Vishakhapattnam,48,40000,22.5,0,1022,89,0,0,266,0,0,0,0,0,0,0,0,0,0,0,2077,1377,3454
Hyundai,i20,1.2L Petrol,Vishakhapattnam,60,50000,22.5,0,1022,89,0,0,266,0,0,0,0,0,0,2685,3499,0,0,0,2077,7561,9638
Hyundai,i20,1.2L Petrol,Vishakhapattnam,72,60000,22.5,298,1022,89,0,0,266,496,0,0,0,2500,348,0,0,0,0,0,2077,5019,7096
Hyundai,i20,1.2L Petrol,Vishakhapattnam,84,70000,22.5,0,1022,89,0,0,266,0,0,0,0,0,0,0,0,0,0,0,2077,1377,3454
Hyundai,i20,1.2L Petrol,Vishakhapattnam,96,80000,22.5,0,1022,89,0,0,266,0,0,0,0,0,0,0,0,0,0,0,2077,1377,3454
Hyundai,i20,1.2L Petrol,Vishakhapattnam,108,90000,22.5,298,1022,89,0,0,266,0,0,0,0,0,348,0,0,0,0,0,2077,2023,4100
Hyundai,i20,1.2L Petrol,Vishakhapattnam,120,100000,22.5,0,1022,89,0,0,266,0,0,0,0,2500,0,2685,3499,0,0,0,2077,10061,12138
Hyundai,Eon,1L Petrol,Mumbai,2,1500,20.3,0,0,0,0,0,0,0,0,0,0,0,0,0,0,0,0,0,0,0,0
Hyundai,Eon,1L Petrol,Mumbai,12,10000,20.3,0,918,89,0,0,0,0,0,0,0,0,0,0,0,0,0,0,0,1007,1007
Hyundai,Eon,1L Petrol,Mumbai,24,20000,20.3,0,918,89,0,0,0,0,0,0,0,0,0,0,0,0,0,0,0,1007,1007
Hyundai,Eon,1L Petrol,Mumbai,36,30000,20.3,0,918,89,0,0,0,0,0,0,0,0,348,0,0,0,0,0,0,1355,1355
Hyundai,Eon,1L Petrol,Mumbai,48,40000,20.3,151,918,89,0,0,0,0,0,0,0,990,0,0,2849,0,0,0,1923,4997,6920
Hyundai,Eon,1L Petrol,Mumbai,60,50000,20.3,0,918,89,0,0,0,0,0,0,0,0,0,1500,0,0,0,0,1923,2507,4430
Hyundai,Eon,1L Petrol,Mumbai,72,60000,20.3,151,918,89,0,0,0,397,0,304,0,0,348,0,0,0,0,0,1923,2207,4130
Hyundai,Eon,1L Petrol,Mumbai,84,70000,20.3,0,918,89,0,0,0,0,0,0,0,0,0,0,0,0,0,0,1923,1007,2930
Hyundai,Eon,1L Petrol,Mumbai,96,80000,20.3,0,918,89,0,0,0,0,0,0,0,990,0,0,2849,0,0,0,1923,4846,6769
Hyundai,Eon,1L Petrol,Mumbai,108,90000,20.3,151,918,89,0,0,0,0,0,0,0,0,348,0,0,0,0,0,1923,1506,3429
Hyundai,Eon,1L Petrol,Mumbai,120,100000,20.3,0,918,89,0,0,0,0,0,0,0,0,0,1500,0,0,0,0,1923,2507,4430
Hyundai,Eon,1L Petrol,Delhi,2,1500,20.3,0,0,0,0,0,0,0,0,0,0,0,0,0,0,0,0,0,0,0,0
Hyundai,Eon,1L Petrol,Delhi,12,10000,20.3,0,918,89,0,0,0,0,0,0,0,0,0,0,0,0,0,0,0,1007,1007
Hyundai,Eon,1L Petrol,Delhi,24,20000,20.3,0,918,89,0,0,0,0,0,0,0,0,0,0,0,0,0,0,0,1007,1007
Hyundai,Eon,1L Petrol,Delhi,36,30000,20.3,151,918,89,0,0,0,0,0,0,0,990,0,0,0,0,0,0,1923,2148,4071
Hyundai,Eon,1L Petrol,Delhi,48,40000,20.3,0,918,89,0,0,0,0,0,0,0,0,348,1500,2849,0,0,0,1923,5704,7627
Hyundai,Eon,1L Petrol,Delhi,60,50000,20.3,0,918,89,0,0,0,0,0,0,0,0,0,0,0,0,0,0,1923,1007,2930
Hyundai,Eon,1L Petrol,Delhi,72,60000,20.3,151,918,89,0,0,0,397,0,304,0,990,0,0,0,0,0,0,1923,2849,4772
Hyundai,Eon,1L Petrol,Delhi,84,70000,20.3,0,918,89,0,0,0,0,0,0,0,0,0,0,0,0,0,0,1923,1007,2930
Hyundai,Eon,1L Petrol,Delhi,96,80000,20.3,0,918,89,0,0,0,0,0,0,0,0,348,1500,2849,0,0,0,1923,5704,7627
Hyundai,Eon,1L Petrol,Delhi,108,90000,20.3,151,918,89,0,0,0,0,0,0,0,990,0,0,0,0,0,0,1923,2148,4071
Hyundai,Eon,1L Petrol,Delhi,120,100000,20.3,0,918,89,0,0,0,0,0,0,0,0,0,0,0,0,0,0,1923,1007,2930
Hyundai,Eon,1L Petrol,Srinagar,2,1500,20.3,0,0,0,0,0,0,0,0,0,0,0,0,0,0,0,0,0,0,0,0
Hyundai,Eon,1L Petrol,Srinagar,12,10000,20.3,0,918,89,0,0,0,0,0,0,0,0,0,0,0,0,0,0,0,1007,1007
Hyundai,Eon,1L Petrol,Srinagar,24,20000,20.3,0,918,89,0,0,0,0,0,0,0,0,348,0,0,0,0,0,0,1355,1355
Hyundai,Eon,1L Petrol,Srinagar,36,30000,20.3,151,918,89,0,0,0,0,0,0,0,990,0,1500,0,0,0,0,1569,3648,5217
Hyundai,Eon,1L Petrol,Srinagar,48,40000,20.3,0,918,89,0,0,0,0,0,0,0,0,348,0,0,0,0,0,1569,1355,2924
Hyundai,Eon,1L Petrol,Srinagar,60,50000,20.3,0,918,89,0,0,0,0,0,0,0,0,0,0,2849,0,0,0,1569,3856,5425
Hyundai,Eon,1L Petrol,Srinagar,72,60000,20.3,151,918,89,0,0,0,397,0,304,0,990,348,1500,0,0,0,0,1569,4697,6266
Hyundai,Eon,1L Petrol,Srinagar,84,70000,20.3,0,918,89,0,0,0,0,0,0,0,0,0,0,0,0,0,0,1569,1007,2576
Hyundai,Eon,1L Petrol,Srinagar,96,80000,20.3,0,918,89,0,0,0,0,0,0,0,0,383,0,0,0,0,0,1569,1390,2959
Hyundai,Eon,1L Petrol,Srinagar,108,90000,20.3,151,918,89,0,0,0,0,0,0,0,990,0,1500,0,0,0,0,1569,3648,5217
Hyundai,Eon,1L Petrol,Srinagar,120,100000,20.3,0,918,89,0,0,0,0,0,0,0,0,348,0,2849,0,0,0,1569,4204,5773
Hyundai,Eon,1L Petrol,Vishakhapattnam,2,1500,20.3,0,0,0,0,0,0,0,0,0,0,0,0,0,0,0,0,0,0,0,0
Hyundai,Eon,1L Petrol,Vishakhapattnam,12,10000,20.3,0,918,89,0,0,0,0,0,0,0,0,0,0,0,0,0,0,0,1007,1007
Hyundai,Eon,1L Petrol,Vishakhapattnam,24,20000,20.3,0,918,89,0,0,0,0,0,0,0,0,0,0,0,0,0,0,0,1007,1007
Hyundai,Eon,1L Petrol,Vishakhapattnam,36,30000,20.3,151,918,89,0,0,0,0,0,0,0,0,348,0,0,0,0,0,1569,1506,3075
Hyundai,Eon,1L Petrol,Vishakhapattnam,48,40000,20.3,0,918,89,0,0,0,0,0,0,0,0,0,0,0,0,0,0,1569,1007,2576
Hyundai,Eon,1L Petrol,Vishakhapattnam,60,50000,20.3,0,918,89,0,0,0,0,0,0,0,990,0,1500,2849,0,0,0,1569,6346,7915
Hyundai,Eon,1L Petrol,Vishakhapattnam,72,60000,20.3,151,918,89,0,0,0,397,0,304,0,0,383,0,0,0,0,0,1569,2242,3811
Hyundai,Eon,1L Petrol,Vishakhapattnam,84,70000,20.3,0,918,89,0,0,0,0,0,0,0,0,0,0,0,0,0,0,1569,1007,2576
Hyundai,Eon,1L Petrol,Vishakhapattnam,96,80000,20.3,0,918,89,0,0,0,0,0,0,0,0,0,0,0,0,0,0,1569,1007,2576
Hyundai,Eon,1L Petrol,Vishakhapattnam,108,90000,20.3,151,918,89,0,0,0,0,0,0,0,0,348,0,0,0,0,0,1569,1506,3075
Hyundai,Eon,1L Petrol,Vishakhapattnam,120,100000,20.3,0,918,89,0,0,0,0,0,0,0,990,0,1500,2849,0,0,0,1569,6346,7915
Hyundai,i20,1.4L Diesel,Mumbai,2,1500,20,0,0,0,0,0,0,0,0,0,0,0,0,0,0,0,0,0,0,0,0
Hyundai,i20,1.4L Diesel,Mumbai,12,10000,20,0,1548,425,0,0,0,0,0,0,0,0,0,0,0,0,0,0,0,1973,1973
Hyundai,i20,1.4L Diesel,Mumbai,24,20000,20,0,1548,425,0,0,266,1898,0,0,0,0,0,0,0,0,0,0,0,4137,4137
Hyundai,i20,1.4L Diesel,Mumbai,36,30000,20,0,1548,425,0,0,0,0,0,0,0,0,348,0,0,0,0,0,2655,2321,4976
Hyundai,i20,1.4L Diesel,Mumbai,48,40000,20,0,1548,425,0,0,266,1898,0,0,0,2500,0,0,3499,0,0,0,2655,10136,12791
Hyundai,i20,1.4L Diesel,Mumbai,60,50000,20,0,1548,425,0,0,0,0,0,0,0,0,0,2685,0,0,0,0,2655,4658,7313
Hyundai,i20,1.4L Diesel,Mumbai,72,60000,20,0,1548,425,0,0,266,1898,0,0,0,0,348,0,0,0,0,0,2655,4485,7140
Hyundai,i20,1.4L Diesel,Mumbai,84,70000,20,0,1548,425,0,0,0,0,0,0,0,0,0,0,0,0,0,0,2655,1973,4628
Hyundai,i20,1.4L Diesel,Mumbai,96,80000,20,0,1548,425,0,0,266,1898,0,0,0,2500,0,0,3499,0,0,0,2655,10136,12791
Hyundai,i20,1.4L Diesel,Mumbai,108,90000,20,0,1548,425,0,0,0,0,0,0,0,0,348,0,0,0,0,0,2655,2321,4976
Hyundai,i20,1.4L Diesel,Mumbai,120,100000,20,0,1548,425,0,0,266,1898,0,0,0,0,0,2685,0,0,0,0,2655,6822,9477
Hyundai,i20,1.4L Diesel,Delhi,2,1500,20,0,0,0,0,0,0,0,0,0,0,0,0,0,0,0,0,0,0,0,0
Hyundai,i20,1.4L Diesel,Delhi,12,10000,20,0,1548,425,0,0,0,0,0,0,0,0,0,0,0,0,0,0,0,1973,1973
Hyundai,i20,1.4L Diesel,Delhi,24,20000,20,0,1548,425,0,0,266,1898,0,0,0,0,0,0,0,0,0,0,0,4137,4137
Hyundai,i20,1.4L Diesel,Delhi,36,30000,20,0,1548,425,0,0,0,0,0,0,0,0,0,0,0,0,0,0,2655,1973,4628
Hyundai,i20,1.4L Diesel,Delhi,48,40000,20,0,1548,425,0,0,266,1898,0,0,0,2500,348,2685,3499,0,0,0,2655,13169,15824
Hyundai,i20,1.4L Diesel,Delhi,60,50000,20,0,1548,425,0,0,0,0,0,0,0,0,0,0,0,0,0,0,2655,1973,4628
Hyundai,i20,1.4L Diesel,Delhi,72,60000,20,0,1548,425,0,0,266,1898,0,0,0,0,0,0,0,0,0,0,2655,4137,6792
Hyundai,i20,1.4L Diesel,Delhi,84,70000,20,0,1548,425,0,0,0,0,0,0,0,0,0,0,0,0,0,0,2655,1973,4628
Hyundai,i20,1.4L Diesel,Delhi,96,80000,20,0,1548,425,0,0,266,1898,0,0,0,2500,348,2685,3499,0,0,0,2655,13169,15824
Hyundai,i20,1.4L Diesel,Delhi,108,90000,20,0,1548,425,0,0,0,0,0,0,0,0,0,0,0,0,0,0,2655,1973,4628
Hyundai,i20,1.4L Diesel,Delhi,120,100000,20,0,1548,425,0,0,266,1898,0,0,0,0,0,0,0,0,0,0,2655,4137,6792
Hyundai,i20,1.4L Diesel,Srinagar,2,1500,20,0,0,0,0,0,0,0,0,0,0,0,0,0,0,0,0,0,0,0,0
Hyundai,i20,1.4L Diesel,Srinagar,12,10000,20,0,1548,425,0,0,0,0,0,0,0,2500,0,0,0,0,0,0,0,4473,4473
Hyundai,i20,1.4L Diesel,Srinagar,24,20000,20,0,1548,425,0,0,266,1898,0,0,0,0,348,0,0,0,0,0,2077,4485,6562
Hyundai,i20,1.4L Diesel,Srinagar,36,30000,20,0,1548,425,0,0,0,0,0,0,0,0,0,2685,0,0,0,0,2077,4658,6735
Hyundai,i20,1.4L Diesel,Srinagar,48,40000,20,0,1548,425,0,0,266,1898,0,0,0,0,348,0,0,0,0,0,2077,4485,6562
Hyundai,i20,1.4L Diesel,Srinagar,60,50000,20,0,1548,425,0,0,0,0,0,0,0,0,0,0,3499,0,0,0,2077,5472,7549
Hyundai,i20,1.4L Diesel,Srinagar,72,60000,20,0,1548,425,0,0,266,1898,0,0,0,0,348,2685,0,0,0,0,2077,7170,9247
Hyundai,i20,1.4L Diesel,Srinagar,84,70000,20,0,1548,425,0,0,0,0,0,0,0,2500,0,0,0,0,0,0,2077,4473,6550
Hyundai,i20,1.4L Diesel,Srinagar,96,80000,20,0,1548,425,0,0,266,1898,0,0,0,0,348,0,0,0,0,0,2077,4485,6562
Hyundai,i20,1.4L Diesel,Srinagar,108,90000,20,0,1548,425,0,0,0,0,0,0,0,0,0,2685,0,0,0,0,2077,4658,6735
Hyundai,i20,1.4L Diesel,Srinagar,120,100000,20,0,1548,425,0,0,266,1898,0,0,0,0,348,0,3499,0,0,0,2077,7984,10061
Hyundai,i20,1.4L Diesel,Vishakhapattnam,2,1500,20,0,0,0,0,0,0,0,0,0,0,0,0,0,0,0,0,0,0,0,0
Hyundai,i20,1.4L Diesel,Vishakhapattnam,12,10000,20,0,1548,425,0,0,0,0,0,0,0,2500,0,0,0,0,0,0,0,4473,4473
Hyundai,i20,1.4L Diesel,Vishakhapattnam,24,20000,20,0,1548,425,0,0,266,1898,0,0,0,0,0,0,0,0,0,0,2077,4137,6214
Hyundai,i20,1.4L Diesel,Vishakhapattnam,36,30000,20,0,1548,425,0,0,0,0,0,0,0,0,348,0,0,0,0,0,2077,2321,4398
Hyundai,i20,1.4L Diesel,Vishakhapattnam,48,40000,20,0,1548,425,0,0,266,1898,0,0,0,0,0,0,0,0,0,0,2077,4137,6214
Hyundai,i20,1.4L Diesel,Vishakhapattnam,60,50000,20,0,1548,425,0,0,0,0,0,0,0,0,0,2685,3499,0,0,0,2077,8157,10234
Hyundai,i20,1.4L Diesel,Vishakhapattnam,72,60000,20,0,1548,425,0,0,266,1898,0,0,0,2500,348,0,0,0,0,0,2077,6985,9062
Hyundai,i20,1.4L Diesel,Vishakhapattnam,84,70000,20,0,1548,425,0,0,0,0,0,0,0,0,0,0,0,0,0,0,2077,1973,4050
Hyundai,i20,1.4L Diesel,Vishakhapattnam,96,80000,20,0,1548,425,0,0,266,1898,0,0,0,0,0,0,0,0,0,0,2077,4137,6214
Hyundai,i20,1.4L Diesel,Vishakhapattnam,108,90000,20,0,1548,425,0,0,0,0,0,0,0,0,348,0,0,0,0,0,2077,2321,4398
Hyundai,i20,1.4L Diesel,Vishakhapattnam,120,100000,20,0,1548,425,0,0,266,1898,0,0,0,2500,0,2685,3499,0,0,0,2077,12821,14898
Ford,Ecosport,Petrol,Mumbai,12,10000,18,0,1267,92,42,0,0,0,0,0,0,0,0,0,0,0,0,0,0,1401,1401
Ford,Ecosport,Petrol,Mumbai,24,20000,18,360,1267,92,42,0,0,0,0,0,699,0,0,0,0,0,0,0,2840,2460,5300
Ford,Ecosport,Petrol,Mumbai,36,30000,18,0,1267,92,42,0,0,0,0,0,0,0,383,0,0,0,0,0,2840,1784,4624
Ford,Ecosport,Petrol,Mumbai,48,40000,18,360,1267,92,42,163,0,0,0,784,699,3893,0,0,4999,0,0,0,2840,12299,15139
Ford,Ecosport,Petrol,Mumbai,60,50000,18,0,1267,92,42,0,0,0,0,0,0,0,0,7096,0,0,0,0,2840,8497,11337
Ford,Ecosport,Petrol,Mumbai,72,60000,18,360,1267,92,42,0,0,767,0,0,699,0,383,0,0,0,0,0,2840,3610,6450
Ford,Ecosport,Petrol,Mumbai,84,70000,18,0,1267,92,42,0,0,0,0,0,0,0,0,0,0,0,0,0,2840,1401,4241
Ford,Ecosport,Petrol,Mumbai,96,80000,18,360,1267,92,42,163,0,0,0,784,699,3893,0,0,4999,0,0,0,2840,12299,15139
Ford,Ecosport,Petrol,Mumbai,108,90000,18,0,1267,92,42,0,0,0,0,0,0,0,383,0,0,0,0,0,2840,1784,4624
Ford,Ecosport,Petrol,Mumbai,120,100000,18,360,1267,92,42,0,0,0,0,0,699,0,0,7096,0,0,0,0,2840,9556,12396
Ford,Ecosport,Petrol,Delhi,12,10000,18,0,1267,92,42,0,0,0,0,0,0,0,0,0,0,0,0,0,0,1401,1401
Ford,Ecosport,Petrol,Delhi,24,20000,18,360,1267,92,42,0,0,0,0,0,699,0,0,0,0,0,0,0,2840,2460,5300
Ford,Ecosport,Petrol,Delhi,36,30000,18,0,1267,92,42,0,0,0,0,0,0,3893,0,0,0,0,0,0,2840,5294,8134
Ford,Ecosport,Petrol,Delhi,48,40000,18,360,1267,92,42,163,0,0,0,784,699,0,383,7096,4999,0,0,0,2840,15885,18725
Ford,Ecosport,Petrol,Delhi,60,50000,18,0,1267,92,42,0,0,0,0,0,0,0,0,0,0,0,0,0,2840,1401,4241
Ford,Ecosport,Petrol,Delhi,72,60000,18,360,1267,92,42,0,0,767,0,0,699,3893,0,0,0,0,0,0,2840,7120,9960
Ford,Ecosport,Petrol,Delhi,84,70000,18,0,1267,92,42,0,0,0,0,0,0,0,0,0,0,0,0,0,2840,1401,4241
Ford,Ecosport,Petrol,Delhi,96,80000,18,360,1267,92,42,163,0,0,0,784,699,0,383,7096,4999,0,0,0,2840,15885,18725
Ford,Ecosport,Petrol,Delhi,108,90000,18,0,1267,92,42,0,0,0,0,0,0,3893,0,0,0,0,0,0,2840,5294,8134
Ford,Ecosport,Petrol,Delhi,120,100000,18,360,1267,92,42,0,0,0,0,0,699,0,0,0,0,0,0,0,2840,2460,5300
Ford,Ecosport,Petrol,Srinagar,12,10000,18,0,1267,92,42,0,0,0,0,0,0,0,0,0,0,0,0,0,0,1401,1401
Ford,Ecosport,Petrol,Srinagar,24,20000,18,360,1267,92,42,0,0,0,0,0,699,0,383,0,0,0,0,0,2430,2843,5273
Ford,Ecosport,Petrol,Srinagar,36,30000,18,0,1267,92,42,0,0,0,0,0,0,3893,0,7096,0,0,0,0,2430,12390,14820
Ford,Ecosport,Petrol,Srinagar,48,40000,18,360,1267,92,42,163,0,0,0,784,699,0,383,0,0,0,0,0,2430,3790,6220
Ford,Ecosport,Petrol,Srinagar,60,50000,18,0,1267,92,42,0,0,0,0,0,0,0,0,0,4999,0,0,0,2430,6400,8830
Ford,Ecosport,Petrol,Srinagar,72,60000,18,360,1267,92,42,0,0,767,0,0,699,3893,383,7096,0,0,0,0,2430,14599,17029
Ford,Ecosport,Petrol,Srinagar,84,70000,18,0,1267,92,42,0,0,0,0,0,0,0,0,0,0,0,0,0,2430,1401,3831
Ford,Ecosport,Petrol,Srinagar,96,80000,18,360,1267,92,42,163,0,0,0,784,699,0,383,0,0,0,0,0,2430,3790,6220
Ford,Ecosport,Petrol,Srinagar,108,90000,18,0,1267,92,42,0,0,0,0,0,0,3893,0,7096,0,0,0,0,2430,12390,14820
Ford,Ecosport,Petrol,Srinagar,120,100000,18,360,1267,92,42,0,0,0,0,0,699,0,383,0,4999,0,0,0,2430,7842,10272
Ford,Ecosport,Petrol,Vishakhapattnam,12,10000,18,0,1267,92,42,0,0,0,0,0,0,0,0,0,0,0,0,0,0,1401,1401
Ford,Ecosport,Petrol,Vishakhapattnam,24,20000,18,360,1267,92,42,0,0,0,0,0,699,0,0,0,0,0,0,0,2430,2460,4890
Ford,Ecosport,Petrol,Vishakhapattnam,36,30000,18,0,1267,92,42,0,0,0,0,0,0,0,383,0,0,0,0,0,2430,1784,4214
Ford,Ecosport,Petrol,Vishakhapattnam,48,40000,18,360,1267,92,42,163,0,0,0,784,699,0,0,0,0,0,0,0,2430,3407,5837
Ford,Ecosport,Petrol,Vishakhapattnam,60,50000,18,0,1267,92,42,0,0,0,0,0,0,3893,0,7096,4999,0,0,0,2430,17389,19819
Ford,Ecosport,Petrol,Vishakhapattnam,72,60000,18,360,1267,92,42,0,0,767,0,0,699,0,383,0,0,0,0,0,2430,3610,6040
Ford,Ecosport,Petrol,Vishakhapattnam,84,70000,18,0,1267,92,42,0,0,0,0,0,0,0,0,0,0,0,0,0,2430,1401,3831
Ford,Ecosport,Petrol,Vishakhapattnam,96,80000,18,360,1267,92,42,163,0,0,0,784,699,0,0,0,0,0,0,0,2430,3407,5837
Ford,Ecosport,Petrol,Vishakhapattnam,108,90000,18,0,1267,92,42,0,0,0,0,0,0,0,383,0,0,0,0,0,2430,1784,4214
Ford,Ecosport,Petrol,Vishakhapattnam,120,100000,18,360,1267,92,42,0,0,0,0,0,699,3893,0,7096,4999,0,0,0,2430,18448,20878
Ford,Ecosport,Diesel,Mumbai,12,10000,23,0,1174,399,43,0,0,0,0,0,0,0,0,0,0,0,0,0,0,1616,1616
Ford,Ecosport,Diesel,Mumbai,24,20000,23,360,1174,399,43,0,0,0,0,0,699,0,0,0,0,0,0,0,3041,2675,5716
Ford,Ecosport,Diesel,Mumbai,36,30000,23,0,1174,399,43,0,0,1562,0,0,0,0,383,0,0,0,0,0,3041,3561,6602
Ford,Ecosport,Diesel,Mumbai,48,40000,23,360,1174,399,43,163,0,0,0,0,699,3893,0,0,5499,0,0,0,3041,12230,15271
Ford,Ecosport,Diesel,Mumbai,60,50000,23,0,1174,399,43,0,0,0,0,0,0,0,0,3088,0,0,0,0,3041,4704,7745
Ford,Ecosport,Diesel,Mumbai,72,60000,23,360,1174,399,43,0,0,1562,0,0,699,0,383,0,0,0,0,0,3041,4620,7661
Ford,Ecosport,Diesel,Mumbai,84,70000,23,0,1174,399,43,0,0,0,0,0,0,0,0,0,0,0,0,0,3041,1616,4657
Ford,Ecosport,Diesel,Mumbai,96,80000,23,360,1174,399,43,163,0,0,0,0,699,3893,0,0,5499,0,0,0,3041,12230,15271
Ford,Ecosport,Diesel,Mumbai,108,90000,23,0,1174,399,43,0,0,1562,0,0,0,0,383,0,0,0,0,0,3041,3561,6602
Ford,Ecosport,Diesel,Mumbai,120,100000,23,360,1174,399,43,0,0,0,0,0,699,0,0,3088,0,0,0,0,3041,5763,8804
Ford,Ecosport,Diesel,Delhi,12,10000,23,0,1174,399,43,0,0,0,0,0,0,0,0,0,0,0,0,0,0,1616,1616
Ford,Ecosport,Diesel,Delhi,24,20000,23,360,1174,399,43,0,0,0,0,0,699,0,0,0,0,0,0,0,3041,2675,5716
Ford,Ecosport,Diesel,Delhi,36,30000,23,0,1174,399,43,0,0,1562,0,0,0,3893,0,0,0,0,0,0,3041,7071,10112
Ford,Ecosport,Diesel,Delhi,48,40000,23,360,1174,399,43,163,0,0,0,0,699,0,383,3088,5499,0,0,0,3041,11808,14849
Ford,Ecosport,Diesel,Delhi,60,50000,23,0,1174,399,43,0,0,0,0,0,0,0,0,0,0,0,0,0,3041,1616,4657
Ford,Ecosport,Diesel,Delhi,72,60000,23,360,1174,399,43,0,0,1562,0,0,699,3893,0,0,0,0,0,0,3041,8130,11171
Ford,Ecosport,Diesel,Delhi,84,70000,23,0,1174,399,43,0,0,0,0,0,0,0,0,0,0,0,0,0,3041,1616,4657
Ford,Ecosport,Diesel,Delhi,96,80000,23,360,1174,399,43,163,0,0,0,0,699,0,383,3088,5499,0,0,0,3041,11808,14849
Ford,Ecosport,Diesel,Delhi,108,90000,23,0,1174,399,43,0,0,1562,0,0,0,3893,0,0,0,0,0,0,3041,7071,10112
Ford,Ecosport,Diesel,Delhi,120,100000,23,360,1174,399,43,0,0,0,0,0,699,0,0,0,0,0,0,0,3041,2675,5716
Ford,Ecosport,Diesel,Srinagar,12,10000,23,0,1174,399,43,0,0,0,0,0,0,0,0,0,0,0,0,0,0,1616,1616
Ford,Ecosport,Diesel,Srinagar,24,20000,23,360,1174,399,43,0,0,0,0,0,699,0,383,0,0,0,0,0,2615,3058,5673
Ford,Ecosport,Diesel,Srinagar,36,30000,23,0,1174,399,43,0,0,1562,0,0,0,3893,0,3088,0,0,0,0,2615,10159,12774
Ford,Ecosport,Diesel,Srinagar,48,40000,23,360,1174,399,43,163,0,0,0,0,699,0,383,0,0,0,0,0,2615,3221,5836
Ford,Ecosport,Diesel,Srinagar,60,50000,23,0,1174,399,43,0,0,0,0,0,0,0,0,0,5499,0,0,0,2615,7115,9730
Ford,Ecosport,Diesel,Srinagar,72,60000,23,360,1174,399,43,0,0,1562,0,0,699,3893,383,3088,0,0,0,0,2615,11601,14216
Ford,Ecosport,Diesel,Srinagar,84,70000,23,0,1174,399,43,0,0,0,0,0,0,0,0,0,0,0,0,0,2615,1616,4231
Ford,Ecosport,Diesel,Srinagar,96,80000,23,360,1174,399,43,163,0,0,0,0,699,0,383,0,0,0,0,0,2615,3221,5836
Ford,Ecosport,Diesel,Srinagar,108,90000,23,0,1174,399,43,0,0,1562,0,0,0,3893,0,3088,0,0,0,0,2615,10159,12774
Ford,Ecosport,Diesel,Srinagar,120,100000,23,360,1174,399,43,0,0,0,0,0,699,0,383,0,5499,0,0,0,2615,8557,11172
Ford,Ecosport,Diesel,Vishakhapattnam,12,10000,23,0,1174,399,43,0,0,0,0,0,0,0,0,0,0,0,0,0,0,1616,1616
Ford,Ecosport,Diesel,Vishakhapattnam,24,20000,23,360,1174,399,43,0,0,0,0,0,699,0,0,0,0,0,0,0,2615,2675,5290
Ford,Ecosport,Diesel,Vishakhapattnam,36,30000,23,0,1174,399,43,0,0,1562,0,0,0,0,383,0,0,0,0,0,2615,3561,6176
Ford,Ecosport,Diesel,Vishakhapattnam,48,40000,23,360,1174,399,43,163,0,0,0,0,699,0,0,0,0,0,0,0,2615,2838,5453
Ford,Ecosport,Diesel,Vishakhapattnam,60,50000,23,0,1174,399,43,0,0,0,0,0,0,3893,0,3088,5499,0,0,0,2615,14096,16711
Ford,Ecosport,Diesel,Vishakhapattnam,72,60000,23,360,1174,399,43,0,0,1562,0,0,699,0,383,0,0,0,0,0,2615,4620,7235
Ford,Ecosport,Diesel,Vishakhapattnam,84,70000,23,0,1174,399,43,0,0,0,0,0,0,0,0,0,0,0,0,0,2615,1616,4231
Ford,Ecosport,Diesel,Vishakhapattnam,96,80000,23,360,1174,399,43,163,0,0,0,0,699,0,0,0,0,0,0,0,2615,2838,5453
Ford,Ecosport,Diesel,Vishakhapattnam,108,90000,23,0,1174,399,43,0,0,1562,0,0,0,0,383,0,0,0,0,0,2615,3561,6176
Ford,Ecosport,Diesel,Vishakhapattnam,120,100000,23,360,1174,399,43,0,0,0,0,0,699,3893,0,3088,5499,0,0,0,2615,15155,17770
Honda,Amaze,Diesel,Mumbai,12,20000,27.4,268,1932,386,0,0,0,1298,0,0,0,0,0,0,0,0,0,30,2667,3914,6581
Honda,Amaze,Diesel,Mumbai,24,40000,27.4,268,1932,386,0,0,0,1298,0,0,0,0,0,0,0,0,0,30,2667,3914,6581
Honda,Amaze,Diesel,Mumbai,36,60000,27.4,268,1932,386,0,0,0,1298,0,0,330,0,700,0,0,0,583,30,2667,5527,8194
Honda,Amaze,Diesel,Mumbai,48,80000,27.4,268,1932,386,0,0,0,1298,0,0,0,2700,0,0,5500,0,0,30,2667,12114,14781
Honda,Amaze,Diesel,Mumbai,60,100000,27.4,268,1932,386,0,0,0,1298,0,0,0,0,0,2500,0,0,0,30,2667,6414,9081
Honda,Amaze,Petrol,Mumbai,12,20000,19,428,1424,176,0,0,0,0,0,0,0,0,0,0,0,0,0,30,2218,2058,4276
Honda,Amaze,Petrol,Mumbai,24,40000,19,428,1424,176,0,0,0,0,0,708,0,0,0,0,0,0,0,30,2218,2766,4984
Honda,Amaze,Petrol,Mumbai,36,60000,19,428,1424,176,0,0,0,0,0,0,528,0,700,0,0,0,461,30,2218,3747,5965
Honda,Amaze,Petrol,Mumbai,48,80000,19,428,1424,176,0,0,0,499,0,708,0,2700,0,0,3500,0,0,30,2218,9465,11683
Honda,Amaze,Petrol,Mumbai,60,100000,19,428,1424,176,0,0,0,0,0,0,0,0,0,5000,0,0,0,30,2218,7058,9276
Honda,Amaze,Diesel,Delhi,12,20000,27.4,268,1932,386,0,0,0,1298,0,0,0,0,0,0,0,0,0,30,2667,3914,6581
Honda,Amaze,Diesel,Delhi,24,40000,27.4,268,1932,386,0,0,0,1298,0,0,0,0,0,0,0,0,0,30,2667,3914,6581
Honda,Amaze,Diesel,Delhi,36,60000,27.4,268,1932,386,0,0,0,1298,0,0,330,2700,0,0,0,0,583,30,2667,7527,10194
Honda,Amaze,Diesel,Delhi,48,80000,27.4,268,1932,386,0,0,0,1298,0,0,0,0,700,2500,5500,0,0,30,2667,12614,15281
Honda,Amaze,Diesel,Delhi,60,100000,27.4,268,1932,386,0,0,0,1298,0,0,0,0,0,0,0,0,0,30,2667,3914,6581
Honda,Amaze,Petrol,Delhi,12,20000,19,428,1424,176,0,0,0,0,0,0,0,0,0,0,0,0,0,30,2218,2058,4276
Honda,Amaze,Petrol,Delhi,24,40000,19,428,1424,176,0,0,0,0,0,708,0,0,0,0,0,0,0,30,2218,2766,4984
Honda,Amaze,Petrol,Delhi,36,60000,19,428,1424,176,0,0,0,0,0,0,528,2700,0,0,0,0,461,30,2218,5747,7965
Honda,Amaze,Petrol,Delhi,48,80000,19,428,1424,176,0,0,0,499,0,708,0,0,700,5000,3500,0,0,30,2218,12465,14683
Honda,Amaze,Petrol,Delhi,60,100000,19,428,1424,176,0,0,0,0,0,0,0,0,0,0,0,0,0,30,2218,2058,4276
Honda,Amaze,Diesel,Shimla,12,20000,27.4,268,1932,386,0,0,0,1298,0,0,0,0,0,0,0,0,0,30,2502,3914,6416
Honda,Amaze,Diesel,Shimla,24,40000,27.4,268,1932,386,0,0,0,1298,0,0,0,0,700,0,0,0,0,30,2502,4614,7116
Honda,Amaze,Diesel,Shimla,36,60000,27.4,268,1932,386,0,0,0,1298,0,0,330,2700,0,2500,0,0,583,30,2502,10027,12529
Honda,Amaze,Diesel,Shimla,48,80000,27.4,268,1932,386,0,0,0,1298,0,0,0,0,700,0,0,0,0,30,2502,4614,7116
Honda,Amaze,Diesel,Shimla,60,100000,27.4,268,1932,386,0,0,0,1298,1331,0,0,0,0,0,5500,0,0,30,2502,10745,13247
Honda,Amaze,Petrol,Shimla,12,20000,19,428,1424,176,0,0,0,0,0,0,0,0,0,0,0,0,0,30,2702,2058,4760
Honda,Amaze,Petrol,Shimla,24,40000,19,428,1424,176,0,0,0,0,0,708,0,0,700,0,0,0,0,30,2702,3466,6168
Honda,Amaze,Petrol,Shimla,36,60000,19,428,1424,176,0,0,0,0,0,0,528,2700,0,5000,0,0,461,30,2702,10747,13449
Honda,Amaze,Petrol,Shimla,48,80000,19,428,1424,176,0,0,0,499,0,708,0,0,700,0,0,0,0,30,2702,3965,6667
Honda,Amaze,Petrol,Shimla,60,100000,19,428,1424,176,0,0,0,0,0,0,0,0,0,0,3500,0,0,30,2702,5558,8260
Honda,Amaze,Diesel,Vishakhapattnam,12,20000,27.4,268,1932,386,0,0,0,1298,0,0,0,0,0,0,0,0,0,30,2313,3914,6227
Honda,Amaze,Diesel,Vishakhapattnam,24,40000,27.4,268,1932,386,0,0,0,1298,0,0,0,0,0,0,0,0,0,30,2313,3914,6227
Honda,Amaze,Diesel,Vishakhapattnam,36,60000,27.4,268,1932,386,0,0,0,1298,0,0,330,0,700,0,0,0,583,30,2313,5527,7840
Honda,Amaze,Diesel,Vishakhapattnam,48,80000,27.4,268,1932,386,0,0,0,1298,0,0,0,0,0,0,0,0,0,30,2313,3914,6227
Honda,Amaze,Diesel,Vishakhapattnam,60,100000,27.4,268,1932,386,0,0,0,1298,1331,0,0,2700,0,2500,5500,0,0,30,2313,15945,18258
Honda,Amaze,Petrol,Vishakhapattnam,12,20000,19,428,1424,176,0,0,0,0,0,0,0,0,0,0,0,0,0,30,1923,2058,3981
Honda,Amaze,Petrol,Vishakhapattnam,24,40000,19,428,1424,176,0,0,0,0,0,708,0,0,0,0,0,0,0,30,1923,2766,4689
Honda,Amaze,Petrol,Vishakhapattnam,36,60000,19,428,1424,176,0,0,0,0,0,0,528,0,700,0,0,0,461,30,1923,3747,5670
Honda,Amaze,Petrol,Vishakhapattnam,48,80000,19,428,1424,176,0,0,0,499,0,708,0,0,0,0,0,0,0,30,1923,3265,5188
Honda,Amaze,Petrol,Vishakhapattnam,60,100000,19,428,1424,176,0,0,0,0,0,0,0,2700,0,5000,3500,0,0,30,1923,13258,15181
Honda,City (2014),Diesel,Mumbai,12,20000,25.6,268,1932,386,0,0,0,1298,0,0,0,0,0,0,0,780,0,30,3646,4694,8340
Honda,City (2014),Diesel,Mumbai,24,40000,25.6,268,1932,386,0,0,0,1298,0,0,0,0,0,0,0,780,0,30,3646,4694,8340
Honda,City (2014),Diesel,Mumbai,36,60000,25.6,268,1932,386,0,0,0,1298,0,0,330,0,700,0,0,780,583,30,3646,6307,9953
Honda,City (2014),Diesel,Mumbai,48,80000,25.6,268,1932,386,0,0,0,1298,0,0,0,2700,0,0,5500,780,0,30,3646,12894,16540
Honda,City (2014),Diesel,Mumbai,60,100000,25.6,268,1932,386,0,0,0,1298,1350,0,0,0,0,2500,0,780,0,30,3646,8544,12190
Honda,City (2014),Petrol,Mumbai,12,20000,18,0,1602,176,0,0,0,0,0,0,0,0,0,0,0,780,0,30,3198,2588,5786
Honda,City (2014),Petrol,Mumbai,24,40000,18,0,1602,176,0,0,0,0,0,0,0,0,0,0,0,780,0,30,3198,2588,5786
Honda,City (2014),Petrol,Mumbai,36,60000,18,437,1602,176,0,0,0,0,0,0,330,0,700,0,0,780,461,30,3198,4516,7714
Honda,City (2014),Petrol,Mumbai,48,80000,18,0,1602,176,0,0,0,514,0,0,0,2700,0,0,4000,780,0,30,3198,9802,13000
Honda,City (2014),Petrol,Mumbai,60,100000,18,0,1602,176,0,0,0,0,0,1968,0,0,0,5000,0,780,0,30,3198,9556,12754
Honda,City (2014),Diesel,Delhi,12,20000,25.6,268,1932,386,0,0,0,1298,0,0,0,0,0,0,0,780,0,30,3646,4694,8340
Honda,City (2014),Diesel,Delhi,24,40000,25.6,268,1932,386,0,0,0,1298,0,0,0,0,0,0,0,780,0,30,3646,4694,8340
Honda,City (2014),Diesel,Delhi,36,60000,25.6,268,1932,386,0,0,0,1298,0,0,330,2700,0,0,0,780,583,30,3646,8307,11953
Honda,City (2014),Diesel,Delhi,48,80000,25.6,268,1932,386,0,0,0,1298,0,0,0,0,700,2500,5500,780,0,30,3646,13394,17040
Honda,City (2014),Diesel,Delhi,60,100000,25.6,268,1932,386,0,0,0,1298,1350,0,0,0,0,0,0,780,0,30,3646,6044,9690
Honda,City (2014),Petrol,Delhi,12,20000,18,0,1602,176,0,0,0,0,0,0,0,0,0,0,0,780,0,30,3198,2588,5786
Honda,City (2014),Petrol,Delhi,24,40000,18,0,1602,176,0,0,0,0,0,0,0,0,0,0,0,780,0,30,3198,2588,5786
Honda,City (2014),Petrol,Delhi,36,60000,18,437,1602,176,0,0,0,0,0,0,330,2700,0,0,0,780,461,30,3198,6516,9714
Honda,City (2014),Petrol,Delhi,48,80000,18,0,1602,176,0,0,0,514,0,0,0,0,700,5000,4000,780,0,30,3198,12802,16000
Honda,City (2014),Petrol,Delhi,60,100000,18,0,1602,176,0,0,0,0,0,1968,0,0,0,0,0,780,0,30,3198,4556,7754
Honda,City (2014),Diesel,Shimla,12,20000,25.6,268,1932,386,0,0,0,1298,0,0,0,0,0,0,0,780,0,30,3422,4694,8116
Honda,City (2014),Diesel,Shimla,24,40000,25.6,268,1932,386,0,0,0,1298,0,0,0,0,700,0,0,780,0,30,3422,5394,8816
Honda,City (2014),Diesel,Shimla,36,60000,25.6,268,1932,386,0,0,0,1298,0,0,330,2700,0,2500,0,780,583,30,3422,10807,14229
Honda,City (2014),Diesel,Shimla,48,80000,25.6,268,1932,386,0,0,0,1298,0,0,0,0,700,0,0,780,0,30,3422,5394,8816
Honda,City (2014),Diesel,Shimla,60,100000,25.6,268,1932,386,0,0,0,1298,1350,0,0,0,0,0,5500,780,0,30,3422,11544,14966
Honda,City (2014),Petrol,Shimla,12,20000,18,0,1602,176,0,0,0,0,0,0,0,0,0,0,0,780,0,30,2997,2588,5585
Honda,City (2014),Petrol,Shimla,24,40000,18,0,1602,176,0,0,0,0,0,0,0,0,700,0,0,780,0,30,2997,3288,6285
Honda,City (2014),Petrol,Shimla,36,60000,18,437,1602,176,0,0,0,0,0,0,330,2700,0,5000,0,780,461,30,2997,11516,14513
Honda,City (2014),Petrol,Shimla,48,80000,18,0,1602,176,0,0,0,514,0,0,0,0,700,0,0,780,0,30,2997,3802,6799
Honda,City (2014),Petrol,Shimla,60,100000,18,0,1602,176,0,0,0,0,0,1968,0,0,0,0,4000,780,0,30,2997,8556,11553
Honda,City (2014),Diesel,Vishakhapattnam,12,20000,25.6,268,1932,386,0,0,0,1298,0,0,0,0,0,0,0,780,0,30,2950,4694,7644
Honda,City (2014),Diesel,Vishakhapattnam,24,40000,25.6,268,1932,386,0,0,0,1298,0,0,0,0,0,0,0,780,0,30,2950,4694,7644
Honda,City (2014),Diesel,Vishakhapattnam,36,60000,25.6,268,1932,386,0,0,0,1298,0,0,330,0,700,0,0,780,583,30,2950,6307,9257
Honda,City (2014),Diesel,Vishakhapattnam,48,80000,25.6,268,1932,386,0,0,0,1298,0,0,0,0,0,0,0,780,0,30,2950,4694,7644
Honda,City (2014),Diesel,Vishakhapattnam,60,100000,25.6,268,1932,386,0,0,0,1298,1350,0,0,2700,0,2500,5500,780,0,30,2950,16744,19694
Honda,City (2014),Petrol,Vishakhapattnam,12,20000,18,0,1602,176,0,0,0,0,0,0,0,0,0,0,0,780,0,30,2561,2588,5149
Honda,City (2014),Petrol,Vishakhapattnam,24,40000,18,0,1602,176,0,0,0,0,0,0,0,0,0,0,0,780,0,30,2561,2588,5149
Honda,City (2014),Petrol,Vishakhapattnam,36,60000,18,437,1602,176,0,0,0,0,0,0,330,0,700,0,0,780,461,30,2561,4516,7077
Honda,City (2014),Petrol,Vishakhapattnam,48,80000,18,0,1602,176,0,0,0,514,0,0,0,0,0,0,0,780,0,30,2561,3102,5663
Honda,City (2014),Petrol,Vishakhapattnam,60,100000,18,0,1602,176,0,0,0,0,0,1968,0,2700,0,5000,4000,780,0,30,2561,16256,18817
Honda,WR-V,Diesel,Mumbai,12,10000,25.5,0,1932,386,0,0,0,0,0,0,0,0,0,0,0,780,0,30,0,3128,3128
Honda,WR-V,Diesel,Mumbai,24,20000,25.5,268,1932,386,0,0,0,1298,0,0,0,0,0,0,0,780,0,30,3056,4694,7750
Honda,WR-V,Diesel,Mumbai,36,30000,25.5,0,1932,386,0,0,0,0,0,0,330,0,700,0,0,780,0,30,2171,4158,6329
Honda,WR-V,Diesel,Mumbai,48,40000,25.5,268,1932,386,0,0,0,1298,0,0,0,2700,0,0,5500,780,0,30,3056,12894,15950
Honda,WR-V,Diesel,Mumbai,60,50000,25.5,0,1932,386,0,0,0,0,755,0,0,0,0,2500,0,780,0,30,2171,6383,8554
Honda,WR-V,Petrol,Mumbai,12,10000,17.5,0,1424,176,0,0,0,0,0,0,0,0,0,0,0,780,0,30,0,2410,2410
Honda,WR-V,Petrol,Mumbai,24,20000,17.5,437,1424,176,0,0,0,0,0,0,0,0,0,0,0,780,0,30,2891,2847,5738
Honda,WR-V,Petrol,Mumbai,36,30000,17.5,0,1424,176,0,0,0,0,0,0,330,0,700,0,0,780,0,30,2006,3440,5446
Honda,WR-V,Petrol,Mumbai,48,40000,17.5,437,1424,176,0,0,0,0,0,708,0,2700,0,0,4000,780,0,30,2891,10255,13146
Honda,WR-V,Petrol,Mumbai,60,50000,17.5,0,1424,176,0,0,0,0,0,0,0,0,0,5000,0,780,0,30,2006,7410,9416
Honda,WR-V,Diesel,Delhi,12,10000,25.5,0,1932,386,0,0,0,0,0,0,0,0,0,0,0,780,0,30,0,3128,3128
Honda,WR-V,Diesel,Delhi,24,20000,25.5,268,1932,386,0,0,0,1298,0,0,0,0,0,0,0,780,0,30,3056,4694,7750
Honda,WR-V,Diesel,Delhi,36,30000,25.5,0,1932,386,0,0,0,0,0,0,330,2700,0,0,0,780,0,30,2171,6158,8329
Honda,WR-V,Diesel,Delhi,48,40000,25.5,268,1932,386,0,0,0,1298,0,0,0,0,700,2500,5500,780,0,30,3056,13394,16450
Honda,WR-V,Diesel,Delhi,60,50000,25.5,0,1932,386,0,0,0,0,755,0,0,0,0,0,0,780,0,30,2171,3883,6054
Honda,WR-V,Petrol,Delhi,12,10000,17.5,0,1424,176,0,0,0,0,0,0,0,0,0,0,0,780,0,30,0,2410,2410
Honda,WR-V,Petrol,Delhi,24,20000,17.5,437,1424,176,0,0,0,0,0,0,0,0,0,0,0,780,0,30,2891,2847,5738
Honda,WR-V,Petrol,Delhi,36,30000,17.5,0,1424,176,0,0,0,0,0,0,330,2700,0,0,0,780,0,30,2006,5440,7446
Honda,WR-V,Petrol,Delhi,48,40000,17.5,437,1424,176,0,0,0,0,0,708,0,0,700,5000,4000,780,0,30,2891,13255,16146
Honda,WR-V,Petrol,Delhi,60,50000,17.5,0,1424,176,0,0,0,0,0,0,0,0,0,0,0,780,0,30,2006,2410,4416
Honda,WR-V,Diesel,Shimla,12,10000,25.5,0,1932,386,0,0,0,0,0,0,0,0,0,0,0,780,0,30,0,3128,3128
Honda,WR-V,Diesel,Shimla,24,20000,25.5,268,1932,386,0,0,0,1298,0,0,0,0,700,0,0,780,0,30,2856,5394,8250
Honda,WR-V,Diesel,Shimla,36,30000,25.5,0,1932,386,0,0,0,0,0,0,330,2700,0,2500,0,780,0,30,2041,8658,10699
Honda,WR-V,Diesel,Shimla,48,40000,25.5,268,1932,386,0,0,0,1298,0,0,0,0,700,0,0,780,0,30,2856,5394,8250
Honda,WR-V,Diesel,Shimla,60,50000,25.5,0,1932,386,0,0,0,0,755,0,0,0,0,0,5500,780,0,30,2041,9383,11424
Honda,WR-V,Petrol,Shimla,12,10000,17.5,0,1424,176,0,0,0,0,0,0,0,0,0,0,0,780,0,30,0,2410,2410
Honda,WR-V,Petrol,Shimla,24,20000,17.5,437,1424,176,0,0,0,0,0,0,0,0,700,0,0,780,0,30,2702,3547,6249
Honda,WR-V,Petrol,Shimla,36,30000,17.5,0,1424,176,0,0,0,0,0,0,330,2700,0,5000,0,780,0,30,1888,10440,12328
Honda,WR-V,Petrol,Shimla,48,40000,17.5,437,1424,176,0,0,0,0,0,708,0,0,700,0,0,780,0,30,2702,4255,6957
Honda,WR-V,Petrol,Shimla,60,50000,17.5,0,1424,176,0,0,0,0,0,0,0,0,0,0,4000,780,0,30,1888,6410,8298
Honda,WR-V,Diesel,Vishakhapattnam,12,10000,25.5,0,1932,386,0,0,0,0,0,0,0,0,0,0,0,780,0,30,0,3128,3128
Honda,WR-V,Diesel,Vishakhapattnam,24,20000,25.5,268,1932,386,0,0,0,1298,0,0,0,0,0,0,0,780,0,30,3056,4694,7750
Honda,WR-V,Diesel,Vishakhapattnam,36,30000,25.5,0,1932,386,0,0,0,0,0,0,330,0,700,0,0,780,0,30,2171,4158,6329
Honda,WR-V,Diesel,Vishakhapattnam,48,40000,25.5,268,1932,386,0,0,0,1298,0,0,0,0,0,0,0,780,0,30,3056,4694,7750
Honda,WR-V,Diesel,Vishakhapattnam,60,50000,25.5,0,1932,386,0,0,0,0,755,0,0,2700,0,2500,5500,780,0,30,2171,14583,16754
Honda,WR-V,Petrol,Vishakhapattnam,12,10000,17.5,0,1424,176,0,0,0,0,0,0,0,0,0,0,0,780,0,30,0,2410,2410
Honda,WR-V,Petrol,Vishakhapattnam,24,20000,17.5,437,1424,176,0,0,0,0,0,0,0,0,0,0,0,780,0,30,2891,2847,5738
Honda,WR-V,Petrol,Vishakhapattnam,36,30000,17.5,0,1424,176,0,0,0,0,0,0,330,0,700,0,0,780,0,30,2006,3440,5446
Honda,WR-V,Petrol,Vishakhapattnam,48,40000,17.5,437,1424,176,0,0,0,0,0,708,0,0,0,0,0,780,0,30,2891,3555,6446
Honda,WR-V,Petrol,Vishakhapattnam,60,50000,17.5,0,1424,176,0,0,0,0,0,0,0,2700,0,5000,4000,780,0,30,2006,14110,16116
Ford,Figo,1.2L Petrol,Mumbai,12,20000,20.4,358,1483,132,42,163,0,0,0,0,0,0,0,0,0,0,0,0,2420,2178,4598
Ford,Figo,1.2L Petrol,Mumbai,24,40000,20.4,358,1483,132,42,163,0,0,0,0,0,0,0,0,0,0,0,0,2420,2178,4598
Ford,Figo,1.2L Petrol,Mumbai,36,60000,20.4,358,1483,132,42,163,0,595,0,375,699,0,303,0,0,0,0,0,2420,4150,6570
Ford,Figo,1.2L Petrol,Mumbai,48,80000,20.4,358,1483,132,42,163,0,0,0,0,0,1450,0,0,5000,0,0,0,2420,8628,11048
Ford,Figo,1.2L Petrol,Mumbai,60,100000,20.4,358,1483,132,42,163,0,0,0,0,0,0,0,3111,0,0,0,0,2420,5289,7709
Ford,Figo,1.5L Petrol,Mumbai,12,20000,16.3,358,1128,132,42,163,0,0,0,0,0,0,0,0,0,0,0,0,2420,1823,4243
Ford,Figo,1.5L Petrol,Mumbai,24,40000,16.3,358,1128,132,42,163,0,0,0,0,0,0,0,0,0,0,0,0,2420,1823,4243
Ford,Figo,1.5L Petrol,Mumbai,36,60000,16.3,358,1128,132,42,163,0,595,0,375,699,0,303,0,0,0,0,0,2420,3795,6215
Ford,Figo,1.5L Petrol,Mumbai,48,80000,16.3,358,1128,132,42,163,0,0,0,0,0,1450,0,0,5000,0,0,0,2420,8273,10693
Ford,Figo,1.5L Petrol,Mumbai,60,100000,16.3,358,1128,132,42,163,0,0,0,0,0,0,0,3111,0,0,0,0,2420,4934,7354
Ford,Figo,1.5L Diesel,Mumbai,12,20000,25.5,360,1174,399,43,163,0,0,0,0,0,0,0,0,0,0,0,0,2832,2139,4971
Ford,Figo,1.5L Diesel,Mumbai,24,40000,25.5,360,1174,399,43,163,0,1562,0,0,699,0,0,0,0,0,0,0,2832,4400,7232
Ford,Figo,1.5L Diesel,Mumbai,36,60000,25.5,360,1174,399,43,163,0,0,0,0,699,0,303,0,0,0,0,0,2832,3141,5973
Ford,Figo,1.5L Diesel,Mumbai,48,80000,25.5,360,1174,399,43,163,0,0,0,0,0,1450,0,0,5000,0,0,0,2832,8589,11421
Ford,Figo,1.5L Diesel,Mumbai,60,100000,25.5,360,1174,399,43,163,0,0,0,0,0,0,0,3111,0,0,0,0,2832,5250,8082
Ford,Figo,1.2L Petrol,Shimla,12,20000,20.4,358,1483,132,42,163,0,0,0,0,0,0,0,0,0,0,0,0,1827,2178,4005
Ford,Figo,1.2L Petrol,Shimla,24,40000,20.4,358,1483,132,42,163,0,0,0,0,0,0,303,0,0,0,0,0,1827,2481,4308
Ford,Figo,1.2L Petrol,Shimla,36,60000,20.4,358,1483,132,42,163,0,595,0,375,699,1450,0,3111,0,0,0,0,1827,8408,10235
Ford,Figo,1.2L Petrol,Shimla,48,80000,20.4,358,1483,132,42,163,0,0,0,0,0,0,303,0,0,0,0,0,1827,2481,4308
Ford,Figo,1.2L Petrol,Shimla,60,100000,20.4,358,1483,132,42,163,0,0,0,0,0,0,0,0,5000,0,0,0,1827,7178,9005
Ford,Figo,1.5L Petrol,Shimla,12,20000,16.3,358,1128,132,42,163,0,0,0,0,0,0,0,0,0,0,0,0,1827,1823,3650
Ford,Figo,1.5L Petrol,Shimla,24,40000,16.3,358,1128,132,42,163,0,0,0,0,0,0,303,0,0,0,0,0,1827,2126,3953
Ford,Figo,1.5L Petrol,Shimla,36,60000,16.3,358,1128,132,42,163,0,595,0,375,699,1450,0,3111,0,0,0,0,1827,8053,9880
Ford,Figo,1.5L Petrol,Shimla,48,80000,16.3,358,1128,132,42,163,0,0,0,0,0,0,303,0,0,0,0,0,1827,2126,3953
Ford,Figo,1.5L Petrol,Shimla,60,100000,16.3,358,1128,132,42,163,0,0,0,0,0,0,0,0,5000,0,0,0,1827,6823,8650
Ford,Figo,1.5L Diesel,Shimla,12,20000,25.5,360,1174,399,43,163,0,0,0,0,0,0,0,0,0,0,0,0,2244,2139,4383
Ford,Figo,1.5L Diesel,Shimla,24,40000,25.5,360,1174,399,43,163,0,0,0,0,0,0,303,0,0,0,0,0,2244,2442,4686
Ford,Figo,1.5L Diesel,Shimla,36,60000,25.5,360,1174,399,43,163,0,1562,0,0,699,1450,0,3111,0,0,0,0,2244,8961,11205
Ford,Figo,1.5L Diesel,Shimla,48,80000,25.5,360,1174,399,43,163,0,0,0,0,0,0,303,0,0,0,0,0,2244,2442,4686
Ford,Figo,1.5L Diesel,Shimla,60,100000,25.5,360,1174,399,43,163,0,0,0,0,0,0,0,0,5000,0,0,0,2244,7139,9383
Ford,Figo,1.2L Petrol,Vishakhapattnam,12,20000,20.4,358,1483,132,42,163,0,0,0,0,0,0,0,0,0,0,0,0,1992,2178,4170
Ford,Figo,1.2L Petrol,Vishakhapattnam,24,40000,20.4,358,1483,132,42,163,0,0,0,0,0,0,303,0,0,0,0,0,1992,2481,4473
Ford,Figo,1.2L Petrol,Vishakhapattnam,36,60000,20.4,358,1483,132,42,163,0,595,0,375,699,0,0,0,0,0,0,0,1992,3847,5839
Ford,Figo,1.2L Petrol,Vishakhapattnam,48,80000,20.4,358,1483,132,42,163,0,0,0,0,0,0,303,0,0,0,0,0,1992,2481,4473
Ford,Figo,1.2L Petrol,Vishakhapattnam,60,100000,20.4,358,1483,132,42,163,0,0,0,0,0,1450,0,3111,5000,0,0,0,1992,11739,13731
Ford,Figo,1.5L Petrol,Vishakhapattnam,12,20000,16.3,358,1128,132,42,163,0,0,0,0,0,0,0,0,0,0,0,0,1992,1823,3815
Ford,Figo,1.5L Petrol,Vishakhapattnam,24,40000,16.3,358,1128,132,42,163,0,0,0,0,0,0,303,0,0,0,0,0,1992,2126,4118
Ford,Figo,1.5L Petrol,Vishakhapattnam,36,60000,16.3,358,1128,132,42,163,0,595,0,375,699,0,0,0,0,0,0,0,1992,3492,5484
Ford,Figo,1.5L Petrol,Vishakhapattnam,48,80000,16.3,358,1128,132,42,163,0,0,0,0,0,0,303,0,0,0,0,0,1992,2126,4118
Ford,Figo,1.5L Petrol,Vishakhapattnam,60,100000,16.3,358,1128,132,42,163,0,0,0,0,0,1450,0,3111,5000,0,0,0,1992,11384,13376
Ford,Figo,1.5L Diesel,Vishakhapattnam,12,20000,25.5,360,1174,399,43,163,0,0,0,0,0,0,0,0,0,0,0,0,2339,2139,4478
Ford,Figo,1.5L Diesel,Vishakhapattnam,24,40000,25.5,360,1174,399,43,163,0,0,0,0,0,0,303,0,0,0,0,0,2339,2442,4781
Ford,Figo,1.5L Diesel,Vishakhapattnam,36,60000,25.5,360,1174,399,43,163,0,1562,0,0,699,0,0,0,0,0,0,0,2339,4400,6739
Ford,Figo,1.5L Diesel,Vishakhapattnam,48,80000,25.5,360,1174,399,43,163,0,0,0,0,0,0,303,0,0,0,0,0,2339,2442,4781
Ford,Figo,1.5L Diesel,Vishakhapattnam,60,100000,25.5,360,1174,399,43,163,0,0,0,0,0,1450,0,3111,5000,0,0,0,2339,11700,14039
Ford,Figo,1.2L Petrol,Mumbai,72,120000,20.4,358,1483,132,42,163,0,595,0,0,699,0,0,0,0,0,375,0,2420,3847,6267
Ford,Figo,1.2L Petrol,Mumbai,84,140000,20.4,358,1483,132,42,163,0,0,0,0,0,0,0,0,0,0,0,0,2420,2178,4598
Ford,Figo,1.2L Petrol,Mumbai,96,160000,20.4,358,1483,132,42,163,0,595,0,375,699,0,303,0,0,0,0,0,2420,4150,6570
Ford,Figo,1.2L Petrol,Mumbai,108,180000,20.4,358,1483,132,42,163,0,595,0,0,699,1450,0,0,5000,0,375,0,2420,10297,12717
Ford,Figo,1.2L Petrol,Mumbai,120,200000,20.4,358,1483,132,42,163,0,0,0,0,0,0,0,3111,0,0,0,0,2420,5289,7709
Ford,Figo,1.5L Petrol,Mumbai,72,120000,20.4,358,1128,132,42,163,0,595,0,375,699,0,0,0,0,0,0,0,2420,3492,5912
Ford,Figo,1.5L Petrol,Mumbai,84,140000,20.4,358,1128,132,42,163,0,0,0,0,0,0,0,0,0,0,0,0,2420,1823,4243
Ford,Figo,1.5L Petrol,Mumbai,96,160000,20.4,358,1128,132,42,163,0,0,0,0,0,0,303,0,0,0,0,0,2420,2126,4546
Ford,Figo,1.5L Petrol,Mumbai,108,180000,20.4,358,1128,132,42,163,0,0,0,0,0,1450,0,0,5000,0,0,0,2420,8273,10693
Ford,Figo,1.5L Petrol,Mumbai,120,200000,20.4,358,1128,132,42,163,0,0,0,0,0,0,0,3111,0,0,0,0,2420,4934,7354
Ford,Figo,1.5L Diesel,Mumbai,72,120000,20.4,360,1174,399,43,163,0,1562,0,0,699,0,0,0,0,0,0,0,2832,4400,7232
Ford,Figo,1.5L Diesel,Mumbai,84,140000,20.4,360,1174,399,43,163,0,0,0,0,0,0,0,0,0,0,0,0,2832,2139,4971
Ford,Figo,1.5L Diesel,Mumbai,96,160000,20.4,360,1174,399,43,163,0,0,0,0,0,0,303,0,0,0,0,0,2832,2442,5274
Ford,Figo,1.5L Diesel,Mumbai,108,180000,20.4,360,1174,399,43,163,0,1562,0,0,699,1450,0,0,5000,0,0,0,2832,10850,13682
Ford,Figo,1.5L Diesel,Mumbai,120,200000,20.4,360,1174,399,43,163,0,0,0,0,0,0,0,3111,0,0,0,0,2832,5250,8082
Ford,Figo,1.2L Petrol,Shimla,72,120000,20.4,358,1483,132,42,163,0,595,0,0,699,0,0,0,0,0,375,0,1827,3847,5674
Ford,Figo,1.2L Petrol,Shimla,84,140000,20.4,358,1483,132,42,163,0,0,0,0,0,0,303,0,0,0,0,0,1827,2481,4308
Ford,Figo,1.2L Petrol,Shimla,96,160000,20.4,358,1483,132,42,163,0,595,0,375,699,1450,0,3111,0,0,0,0,1827,8408,10235
Ford,Figo,1.2L Petrol,Shimla,108,180000,20.4,358,1483,132,42,163,0,595,0,0,699,0,303,0,0,0,375,0,1827,4150,5977
Ford,Figo,1.2L Petrol,Shimla,120,200000,20.4,358,1483,132,42,163,0,0,0,0,0,0,0,0,5000,0,0,0,1827,7178,9005
Ford,Figo,1.5L Petrol,Shimla,72,120000,20.4,358,1128,132,42,163,0,595,0,375,699,0,0,0,0,0,0,0,1827,3492,5319
Ford,Figo,1.5L Petrol,Shimla,84,140000,20.4,358,1128,132,42,163,0,0,0,0,0,0,303,0,0,0,0,0,1827,2126,3953
Ford,Figo,1.5L Petrol,Shimla,96,160000,20.4,358,1128,132,42,163,0,0,0,0,0,1450,0,3111,0,0,0,0,1827,6384,8211
Ford,Figo,1.5L Petrol,Shimla,108,180000,20.4,358,1128,132,42,163,0,0,0,0,0,0,303,0,0,0,0,0,1827,2126,3953
Ford,Figo,1.5L Petrol,Shimla,120,200000,20.4,358,1128,132,42,163,0,0,0,0,0,0,0,0,5000,0,0,0,1827,6823,8650
Ford,Figo,1.5L Diesel,Shimla,72,120000,20.4,360,1174,399,43,163,0,1562,0,0,699,0,0,0,0,0,0,0,2244,4400,6644
Ford,Figo,1.5L Diesel,Shimla,84,140000,20.4,360,1174,399,43,163,0,0,0,0,0,0,303,0,0,0,0,0,2244,2442,4686
Ford,Figo,1.5L Diesel,Shimla,96,160000,20.4,360,1174,399,43,163,0,0,0,0,0,1450,0,3111,0,0,0,0,2244,6700,8944
Ford,Figo,1.5L Diesel,Shimla,108,180000,20.4,360,1174,399,43,163,0,1562,0,0,699,0,303,0,0,0,0,0,2244,4703,6947
Ford,Figo,1.5L Diesel,Shimla,120,200000,20.4,360,1174,399,43,163,0,0,0,0,0,0,0,0,5000,0,0,0,2244,7139,9383
Ford,Figo,1.2L Petrol,Vishakhapattnam,72,120000,20.4,358,1483,132,42,163,0,595,0,0,699,0,0,0,0,0,375,0,1992,3847,5839
Ford,Figo,1.2L Petrol,Vishakhapattnam,84,140000,20.4,358,1483,132,42,163,0,0,0,0,0,0,303,0,0,0,0,0,1992,2481,4473
Ford,Figo,1.2L Petrol,Vishakhapattnam,96,160000,20.4,358,1483,132,42,163,0,595,0,375,699,0,0,0,0,0,0,0,1992,3847,5839
Ford,Figo,1.2L Petrol,Vishakhapattnam,108,180000,20.4,358,1483,132,42,163,0,595,0,0,699,0,303,0,0,0,375,0,1992,4150,6142
Ford,Figo,1.2L Petrol,Vishakhapattnam,120,200000,20.4,358,1483,132,42,163,0,0,0,0,0,1450,0,3111,5000,0,0,0,1992,11739,13731
Ford,Figo,1.5L Petrol,Vishakhapattnam,72,120000,20.4,358,1128,132,42,163,0,595,0,375,699,0,0,0,0,0,0,0,1992,3492,5484
Ford,Figo,1.5L Petrol,Vishakhapattnam,84,140000,20.4,358,1128,132,42,163,0,0,0,0,0,0,303,0,0,0,0,0,1992,2126,4118
Ford,Figo,1.5L Petrol,Vishakhapattnam,96,160000,20.4,358,1128,132,42,163,0,0,0,0,0,0,0,0,0,0,0,0,1992,1823,3815
Ford,Figo,1.5L Petrol,Vishakhapattnam,108,180000,20.4,358,1128,132,42,163,0,0,0,0,0,0,303,0,0,0,0,0,1992,2126,4118
Ford,Figo,1.5L Petrol,Vishakhapattnam,120,200000,20.4,358,1128,132,42,163,0,0,0,0,0,1450,0,3111,5000,0,0,0,1992,11384,13376
Ford,Figo,1.5L Diesel,Vishakhapattnam,72,120000,20.4,360,1174,399,43,163,0,1562,0,0,699,0,0,0,0,0,0,0,2339,4400,6739
Ford,Figo,1.5L Diesel,Vishakhapattnam,84,140000,20.4,360,1174,399,43,163,0,0,0,0,0,0,303,0,0,0,0,0,2339,2442,4781
Ford,Figo,1.5L Diesel,Vishakhapattnam,96,160000,20.4,360,1174,399,43,163,0,0,0,0,0,0,0,0,0,0,0,0,2339,2139,4478
Ford,Figo,1.5L Diesel,Vishakhapattnam,108,180000,20.4,360,1174,399,43,163,0,1562,0,0,699,0,303,0,0,0,0,0,2339,4703,7042
Ford,Figo,1.5L Diesel,Vishakhapattnam,120,200000,20.4,360,1174,399,43,163,0,0,0,0,0,1450,0,3111,5000,0,0,0,2339,11700,14039
Ford,Figo,1.2L Petrol,Delhi,12,20000,20.4,358,1483,132,42,163,0,0,0,0,0,0,0,0,0,0,0,0,2420,2178,4598
Ford,Figo,1.2L Petrol,Delhi,24,40000,20.4,358,1483,132,42,163,0,0,0,0,0,0,0,0,0,0,0,0,2420,2178,4598
Ford,Figo,1.2L Petrol,Delhi,36,60000,20.4,358,1483,132,42,163,0,595,0,375,699,1450,0,0,0,0,0,0,2420,5297,7717
Ford,Figo,1.2L Petrol,Delhi,48,80000,20.4,358,1483,132,42,163,0,0,0,0,0,0,303,3111,5000,0,0,0,2420,10592,13012
Ford,Figo,1.2L Petrol,Delhi,60,100000,20.4,358,1483,132,42,163,0,0,0,0,0,0,0,0,0,0,0,0,2420,2178,4598
Ford,Figo,1.5L Petrol,Delhi,12,20000,16.3,358,1128,132,42,163,0,0,0,0,0,0,0,0,0,0,0,0,2420,1823,4243
Ford,Figo,1.5L Petrol,Delhi,24,40000,16.3,358,1128,132,42,163,0,0,0,0,0,0,0,0,0,0,0,0,2420,1823,4243
Ford,Figo,1.5L Petrol,Delhi,36,60000,16.3,358,1128,132,42,163,0,595,0,375,699,1450,0,0,0,0,0,0,2420,4942,7362
Ford,Figo,1.5L Petrol,Delhi,48,80000,16.3,358,1128,132,42,163,0,0,0,0,0,0,303,3111,5000,0,0,0,2420,10237,12657
Ford,Figo,1.5L Petrol,Delhi,60,100000,16.3,358,1128,132,42,163,0,0,0,0,0,0,0,0,0,0,0,0,2420,1823,4243
Ford,Figo,1.5L Diesel,Delhi,12,20000,25.5,360,1174,399,43,163,0,0,0,0,0,0,0,0,0,0,0,0,2832,2139,4971
Ford,Figo,1.5L Diesel,Delhi,24,40000,25.5,360,1174,399,43,163,0,1562,0,0,699,0,0,0,0,0,0,0,2832,4400,7232
Ford,Figo,1.5L Diesel,Delhi,36,60000,25.5,360,1174,399,43,163,0,0,0,0,699,1450,0,0,0,0,0,0,2832,4288,7120
Ford,Figo,1.5L Diesel,Delhi,48,80000,25.5,360,1174,399,43,163,0,0,0,0,0,0,303,3111,5000,0,0,0,2832,10553,13385
Ford,Figo,1.5L Diesel,Delhi,60,100000,25.5,360,1174,399,43,163,0,0,0,0,0,0,0,0,0,0,0,0,2832,2139,4971
Ford,Figo,1.2L Petrol,Delhi,72,120000,20.4,358,1483,132,42,163,0,595,0,0,699,1450,0,0,0,0,375,0,2420,5297,7717
Ford,Figo,1.2L Petrol,Delhi,84,140000,20.4,358,1483,132,42,163,0,0,0,0,0,0,0,0,0,0,0,0,2420,2178,4598
Ford,Figo,1.2L Petrol,Delhi,96,160000,20.4,358,1483,132,42,163,0,595,0,375,699,0,303,3111,5000,0,0,0,2420,12261,14681
Ford,Figo,1.2L Petrol,Delhi,108,180000,20.4,358,1483,132,42,163,0,595,0,0,699,1450,0,0,0,0,375,0,2420,5297,7717
Ford,Figo,1.2L Petrol,Delhi,120,200000,20.4,358,1483,132,42,163,0,0,0,0,0,0,0,0,0,0,0,0,2420,2178,4598
Ford,Figo,1.5L Petrol,Delhi,72,120000,20.4,358,1128,132,42,163,0,595,0,375,699,1450,0,0,0,0,0,0,2420,4942,7362
Ford,Figo,1.5L Petrol,Delhi,84,140000,20.4,358,1128,132,42,163,0,0,0,0,0,0,0,0,0,0,0,0,2420,1823,4243
Ford,Figo,1.5L Petrol,Delhi,96,160000,20.4,358,1128,132,42,163,0,0,0,0,0,0,303,3111,5000,0,0,0,2420,10237,12657
Ford,Figo,1.5L Petrol,Delhi,108,180000,20.4,358,1128,132,42,163,0,0,0,0,0,1450,0,0,0,0,0,0,2420,3273,5693
Ford,Figo,1.5L Petrol,Delhi,120,200000,20.4,358,1128,132,42,163,0,0,0,0,0,0,0,0,0,0,0,0,2420,1823,4243
Ford,Figo,1.5L Diesel,Delhi,72,120000,20.4,360,1174,399,43,163,0,1562,0,0,699,1450,0,0,0,0,0,0,2832,5850,8682
Ford,Figo,1.5L Diesel,Delhi,84,140000,20.4,360,1174,399,43,163,0,0,0,0,0,0,0,0,0,0,0,0,2832,2139,4971
Ford,Figo,1.5L Diesel,Delhi,96,160000,20.4,360,1174,399,43,163,0,0,0,0,0,0,303,3111,5000,0,0,0,2832,10553,13385
Ford,Figo,1.5L Diesel,Delhi,108,180000,20.4,360,1174,399,43,163,0,1562,0,0,699,1450,0,0,0,0,0,0,2832,5850,8682
Ford,Figo,1.5L Diesel,Delhi,120,200000,20.4,360,1174,399,43,163,0,0,0,0,0,0,0,0,0,0,0,0,2832,2139,4971
KIA,Carnival,2.2L Diesel,Mumbai,2,1500,13.9,0,0,0,0,0,0,0,0,0,0,0,0,0,0,0,0,0,0,0,0
KIA,Carnival,2.2L Diesel,Mumbai,12,10000,13.9,403,2782,635,0,0,0,0,0,0,0,0,0,0,0,0,0,0,0,3820,3820
KIA,Carnival,2.2L Diesel,Mumbai,24,20000,13.9,403,2782,635,0,0,1023,0,0,0,0,0,0,0,0,0,0,0,2415,4843,7258
KIA,Carnival,2.2L Diesel,Mumbai,36,30000,13.9,403,2782,635,0,0,0,0,0,0,164,0,0,0,0,0,0,0,2415,3984,6399
KIA,Carnival,2.2L Diesel,Mumbai,48,40000,13.9,403,2782,635,0,0,1023,762,0,0,0,0,0,0,0,0,0,0,2780,5605,8385
KIA,Carnival,2.2L Diesel,Mumbai,60,50000,13.9,403,2782,635,0,0,0,0,980,0,0,0,0,0,0,0,0,0,2480,4800,7280
KIA,Carnival,2.2L Diesel,Mumbai,72,60000,13.9,403,2782,635,0,0,1023,0,0,0,164,0,0,0,0,0,0,0,2870,5007,7877
KIA,Carnival,2.2L Diesel,Mumbai,84,70000,13.9,403,2782,635,0,0,0,0,980,0,0,0,0,0,0,0,0,0,2480,4800,7280
KIA,Carnival,2.2L Diesel,Mumbai,96,80000,13.9,403,2782,635,0,0,1023,762,0,0,0,0,0,0,0,0,0,0,2870,5605,8475
KIA,Carnival,2.2L Diesel,Mumbai,108,90000,13.9,403,2782,635,0,0,0,0,980,0,164,0,0,0,0,0,0,0,2480,4964,7444
KIA,Carnival,2.2L Diesel,Mumbai,120,100000,13.9,403,2782,635,0,0,1023,0,0,0,0,0,0,0,0,0,0,0,2870,4843,7713
KIA,Carnival,2.2L Diesel,Delhi,2,1500,13.9,0,0,0,0,0,0,0,0,0,0,0,0,0,0,0,0,0,0,0,0
KIA,Carnival,2.2L Diesel,Delhi,12,10000,13.9,403,0,635,0,0,0,0,0,0,0,0,0,0,0,0,0,0,2782,1038,3820
KIA,Carnival,2.2L Diesel,Delhi,24,20000,13.9,403,2782,635,0,0,1023,0,0,0,0,0,0,0,0,0,0,0,2480,4843,7323
KIA,Carnival,2.2L Diesel,Delhi,36,30000,13.9,403,2782,635,0,0,0,0,0,0,164,0,0,0,0,0,0,0,2480,3984,6464
KIA,Carnival,2.2L Diesel,Delhi,48,40000,13.9,403,2782,635,0,0,1023,762,0,0,0,0,0,0,0,0,0,0,2870,5605,8475
KIA,Carnival,2.2L Diesel,Delhi,60,50000,13.9,403,2782,635,0,0,0,0,980,0,0,0,0,0,0,0,0,0,2480,4800,7280
KIA,Carnival,2.2L Diesel,Delhi,72,60000,13.9,403,2782,635,0,0,1023,0,0,0,164,0,0,0,0,0,0,0,2870,5007,7877
KIA,Carnival,2.2L Diesel,Delhi,84,70000,13.9,403,2782,635,0,0,0,0,980,0,0,0,0,0,0,0,0,0,2480,4800,7280
KIA,Carnival,2.2L Diesel,Delhi,96,80000,13.9,403,2782,635,0,0,1023,762,0,0,0,0,0,0,0,0,0,0,2870,5605,8475
KIA,Carnival,2.2L Diesel,Delhi,108,90000,13.9,403,2782,635,0,0,0,0,980,0,164,0,0,0,0,0,0,0,2480,4964,7444
KIA,Carnival,2.2L Diesel,Delhi,120,100000,13.9,403,2782,635,0,0,1023,0,0,0,0,0,0,0,0,0,0,0,2480,4843,7323
KIA,Carnival,2.2L Diesel,Srinagar,2,1500,13.9,0,0,0,0,0,0,0,0,0,0,0,0,0,0,0,0,0,0,0,0
KIA,Carnival,2.2L Diesel,Srinagar,12,10000,13.9,403,2782,635,0,0,0,0,0,0,0,0,0,0,0,0,0,0,0,3820,3820
KIA,Carnival,2.2L Diesel,Srinagar,24,20000,13.9,403,2782,635,0,0,1023,0,0,0,0,0,0,0,0,0,0,0,2010,4843,6853
KIA,Carnival,2.2L Diesel,Srinagar,36,30000,13.9,403,2782,635,0,0,0,0,0,0,164,0,0,0,0,0,0,0,2010,3984,5994
KIA,Carnival,2.2L Diesel,Srinagar,48,40000,13.9,403,2782,635,0,0,1023,762,0,0,0,0,0,0,0,0,0,0,2310,5605,7915
KIA,Carnival,2.2L Diesel,Srinagar,60,50000,13.9,403,2782,635,0,0,0,0,980,0,0,0,0,0,0,0,0,0,2010,4800,6810
KIA,Carnival,2.2L Diesel,Srinagar,72,60000,13.9,403,2782,635,0,0,1023,0,0,0,164,0,0,0,0,0,0,0,2310,5007,7317
KIA,Carnival,2.2L Diesel,Srinagar,84,70000,13.9,403,2782,635,0,0,0,0,980,0,0,0,0,0,0,0,0,0,2010,4800,6810
KIA,Carnival,2.2L Diesel,Srinagar,96,80000,13.9,403,2782,635,0,0,1023,762,0,0,0,0,0,0,0,0,0,0,2310,5605,7915
KIA,Carnival,2.2L Diesel,Srinagar,108,90000,13.9,403,2782,635,0,0,0,0,980,0,164,0,0,0,0,0,0,0,2010,4964,6974
KIA,Carnival,2.2L Diesel,Srinagar,120,100000,13.9,403,2782,635,0,0,1023,0,0,0,0,0,0,0,0,0,0,0,2010,4843,6853
KIA,Carnival,2.2L Diesel,Vishakhapattnam,2,1500,13.9,0,0,0,0,0,0,0,0,0,0,0,0,0,0,0,0,0,0,0,0
KIA,Carnival,2.2L Diesel,Vishakhapattnam,12,10000,13.9,403,0,635,0,0,0,0,0,0,0,0,0,0,0,0,0,0,0,1038,1038
KIA,Carnival,2.2L Diesel,Vishakhapattnam,24,20000,13.9,403,2782,635,0,0,1023,0,0,0,0,0,0,0,0,0,0,0,2010,4843,6853
KIA,Carnival,2.2L Diesel,Vishakhapattnam,36,30000,13.9,403,2782,635,0,0,0,0,0,0,164,0,0,0,0,0,0,0,2010,3984,5994
KIA,Carnival,2.2L Diesel,Vishakhapattnam,48,40000,13.9,403,2782,635,0,0,1023,762,0,0,0,0,0,0,0,0,0,0,2310,5605,7915
KIA,Carnival,2.2L Diesel,Vishakhapattnam,60,50000,13.9,403,2782,635,0,0,0,0,980,0,0,0,0,0,0,0,0,0,2010,4800,6810
KIA,Carnival,2.2L Diesel,Vishakhapattnam,72,60000,13.9,403,2782,635,0,0,1023,0,0,0,164,0,0,0,0,0,0,0,2310,5007,7317
KIA,Carnival,2.2L Diesel,Vishakhapattnam,84,70000,13.9,403,2782,635,0,0,0,0,980,0,0,0,0,0,0,0,0,0,2010,4800,6810
KIA,Carnival,2.2L Diesel,Vishakhapattnam,96,80000,13.9,403,2782,635,0,0,1023,762,0,0,0,0,0,0,0,0,0,0,2310,5605,7915
KIA,Carnival,2.2L Diesel,Vishakhapattnam,108,90000,13.9,403,2782,635,0,0,0,0,980,0,164,0,0,0,0,0,0,0,2010,4964,6974
KIA,Carnival,2.2L Diesel,Vishakhapattnam,120,100000,13.9,403,2782,635,0,0,1023,0,0,0,0,0,0,0,0,0,0,0,2010,4843,685
